/* WARNING: THIS FILE WAS GENERATED BY gen_fonts.py */
/* Font: Aileron by Sora Sagano (dotcolon.net), released under CC0 (public domain), as bundled with Pillow */

#include "gfx.h"

/* gfx_font_small: Aileron 14px, 137 glyphs */
static const gfx_glyph_t gfx_font_small_glyphs[] = {
    {0x0020, 48, 3, 0},
    {0x0021, 48, 3, 18},
    {0x0022, 96, 6, 36},
    {0x0023, 128, 8, 54},
    {0x0024, 144, 9, 72},
    {0x0025, 176, 11, 108},
    {0x0026, 144, 9, 144},
    {0x0027, 48, 3, 180},
    {0x0028, 80, 5, 198},
    {0x0029, 80, 5, 216},
    {0x002A, 144, 9, 234},
    {0x002B, 144, 9, 270},
    {0x002C, 48, 4, 306},
    {0x002D, 64, 4, 324},
    {0x002E, 48, 3, 342},
    {0x002F, 96, 8, 360},
    {0x0030, 128, 9, 378},
    {0x0031, 128, 8, 414},
    {0x0032, 128, 8, 432},
    {0x0033, 128, 8, 450},
    {0x0034, 128, 8, 468},
    {0x0035, 128, 8, 486},
    {0x0036, 128, 9, 504},
    {0x0037, 128, 8, 540},
    {0x0038, 128, 8, 558},
    {0x0039, 128, 8, 576},
    {0x003A, 48, 3, 594},
    {0x003B, 48, 4, 612},
    {0x003C, 128, 8, 630},
    {0x003D, 128, 8, 648},
    {0x003E, 128, 8, 666},
    {0x003F, 128, 8, 684},
    {0x0040, 192, 12, 702},
    {0x0041, 144, 9, 738},
    {0x0042, 160, 10, 774},
    {0x0043, 160, 10, 810},
    {0x0044, 176, 11, 846},
    {0x0045, 144, 9, 882},
    {0x0046, 128, 9, 918},
    {0x0047, 160, 10, 954},
    {0x0048, 160, 10, 990},
    {0x0049, 64, 4, 1026},
    {0x004A, 128, 8, 1044},
    {0x004B, 144, 10, 1062},
    {0x004C, 144, 9, 1098},
    {0x004D, 192, 12, 1134},
    {0x004E, 160, 10, 1170},
    {0x004F, 176, 11, 1206},
    {0x0050, 144, 9, 1242},
    {0x0051, 176, 11, 1278},
    {0x0052, 160, 10, 1314},
    {0x0053, 128, 8, 1350},
    {0x0054, 144, 9, 1368},
    {0x0055, 160, 10, 1404},
    {0x0056, 144, 9, 1440},
    {0x0057, 208, 14, 1476},
    {0x0058, 144, 9, 1512},
    {0x0059, 128, 9, 1548},
    {0x005A, 144, 9, 1584},
    {0x005B, 80, 5, 1620},
    {0x005C, 64, 6, 1638},
    {0x005D, 64, 4, 1656},
    {0x005E, 128, 8, 1674},
    {0x005F, 112, 7, 1692},
    {0x0060, 64, 4, 1710},
    {0x0061, 128, 8, 1728},
    {0x0062, 144, 9, 1746},
    {0x0063, 128, 8, 1782},
    {0x0064, 144, 9, 1800},
    {0x0065, 128, 8, 1836},
    {0x0066, 64, 5, 1854},
    {0x0067, 144, 9, 1872},
    {0x0068, 128, 8, 1908},
    {0x0069, 48, 3, 1926},
    {0x006A, 48, 4, 1944},
    {0x006B, 112, 8, 1962},
    {0x006C, 48, 3, 1980},
    {0x006D, 176, 11, 1998},
    {0x006E, 128, 8, 2034},
    {0x006F, 144, 9, 2052},
    {0x0070, 144, 9, 2088},
    {0x0071, 144, 9, 2124},
    {0x0072, 64, 5, 2160},
    {0x0073, 112, 7, 2178},
    {0x0074, 80, 5, 2196},
    {0x0075, 128, 8, 2214},
    {0x0076, 112, 8, 2232},
    {0x0077, 176, 11, 2250},
    {0x0078, 112, 8, 2286},
    {0x0079, 112, 8, 2304},
    {0x007A, 128, 8, 2322},
    {0x007B, 64, 4, 2340},
    {0x007C, 64, 4, 2358},
    {0x007D, 80, 5, 2376},
    {0x007E, 128, 8, 2394},
    {0x00E0, 128, 8, 2412},
    {0x00E2, 128, 8, 2430},
    {0x00E7, 128, 8, 2448},
    {0x00E9, 128, 8, 2466},
    {0x00E8, 128, 8, 2484},
    {0x00EA, 128, 8, 2502},
    {0x00EB, 128, 8, 2520},
    {0x00EE, 80, 5, 2538},
    {0x00EF, 64, 4, 2556},
    {0x00F4, 144, 9, 2574},
    {0x00F9, 128, 8, 2610},
    {0x00FB, 128, 8, 2628},
    {0x00FC, 128, 8, 2646},
    {0x00C0, 144, 9, 2664},
    {0x00C9, 144, 9, 2700},
    {0x00C8, 144, 9, 2736},
    {0x00CA, 144, 9, 2772},
    {0x00C7, 160, 10, 2808},
    {0x00E1, 128, 8, 2844},
    {0x00ED, 48, 3, 2862},
    {0x00F3, 144, 9, 2880},
    {0x00FA, 128, 8, 2916},
    {0x00EC, 48, 3, 2934},
    {0x00F2, 144, 9, 2952},
    {0x00E4, 128, 8, 2988},
    {0x00F6, 144, 9, 3006},
    {0x00F1, 128, 8, 3042},
    {0x00C1, 144, 9, 3060},
    {0x00CD, 64, 4, 3096},
    {0x00D3, 176, 11, 3114},
    {0x00DA, 160, 10, 3150},
    {0x00CC, 64, 4, 3186},
    {0x00D2, 176, 11, 3204},
    {0x00D9, 160, 10, 3240},
    {0x00C4, 144, 9, 3276},
    {0x00D6, 176, 11, 3312},
    {0x00DC, 160, 10, 3348},
    {0x00D1, 160, 10, 3384},
    {0x00DF, 160, 10, 3420},
    {0x00BF, 128, 8, 3456},
    {0x00A1, 48, 3, 3474},
    {0x00B0, 96, 6, 3492},
};
static const uint8_t gfx_font_small_bitmap[] = {
    0x00, 0x00, 0x00, 0x00, 0x00, 0x00, 0x00, 0x00, 0x00, 0x00, 0x00, 0x00, 0x00, 0x00, 0x00, 0x00,
    0x00, 0x00, 0x00, 0x00, 0x00, 0x00, 0x40, 0x40, 0x40, 0x40, 0x40, 0x40, 0x40, 0x00, 0x60, 0x60,
    0x00, 0x00, 0x00, 0x00, 0x00, 0x00, 0x00, 0x50, 0x50, 0x50, 0x00, 0x00, 0x00, 0x00, 0x00, 0x00,
    0x00, 0x00, 0x00, 0x00, 0x00, 0x00, 0x00, 0x00, 0x00, 0x00, 0x14, 0x14, 0x14, 0x7E, 0x14, 0x28,
    0x7E, 0x28, 0x28, 0x28, 0x00, 0x00, 0x00, 0x00, 0x00, 0x00, 0x00, 0x00, 0x08, 0x00, 0x08, 0x00,
    0x3C, 0x00, 0x4A, 0x00, 0x4A, 0x00, 0x68, 0x00, 0x3C, 0x00, 0x0E, 0x00, 0x0A, 0x00, 0x4A, 0x00,
    0x6A, 0x00, 0x3C, 0x00, 0x08, 0x00, 0x00, 0x00, 0x00, 0x00, 0x00, 0x00, 0x00, 0x00, 0x00, 0x00,
    0x00, 0x00, 0x00, 0x00, 0x30, 0x80, 0x49, 0x00, 0x4B, 0x00, 0x32, 0x00, 0x04, 0x00, 0x05, 0x80,
    0x0A, 0x40, 0x1A, 0x40, 0x12, 0x40, 0x21, 0x80, 0x00, 0x00, 0x00, 0x00, 0x00, 0x00, 0x00, 0x00,
    0x00, 0x00, 0x00, 0x00, 0x00, 0x00, 0x00, 0x00, 0x1C, 0x00, 0x20, 0x00, 0x20, 0x00, 0x22, 0x00,
    0x1F, 0x80, 0x22, 0x00, 0x42, 0x00, 0x42, 0x00, 0x62, 0x00, 0x3E, 0x00, 0x00, 0x00, 0x00, 0x00,
    0x00, 0x00, 0x00, 0x00, 0x00, 0x00, 0x00, 0x40, 0x40, 0x40, 0x00, 0x00, 0x00, 0x00, 0x00, 0x00,
    0x00, 0x00, 0x00, 0x00, 0x00, 0x00, 0x00, 0x00, 0x10, 0x20, 0x20, 0x40, 0x40, 0x40, 0x40, 0x40,
    0x40, 0x40, 0x20, 0x20, 0x20, 0x00, 0x00, 0x00, 0x00, 0x00, 0x80, 0x40, 0x40, 0x20, 0x20, 0x20,
    0x20, 0x20, 0x20, 0x20, 0x40, 0x40, 0x80, 0x00, 0x00, 0x00, 0x00, 0x00, 0x00, 0x00, 0x00, 0x00,
    0x00, 0x00, 0x00, 0x00, 0x00, 0x00, 0x00, 0x00, 0x08, 0x00, 0x08, 0x00, 0x3E, 0x00, 0x08, 0x00,
    0x14, 0x00, 0x00, 0x00, 0x00, 0x00, 0x00, 0x00, 0x00, 0x00, 0x00, 0x00, 0x00, 0x00, 0x00, 0x00,
    0x00, 0x00, 0x00, 0x00, 0x00, 0x00, 0x00, 0x00, 0x00, 0x00, 0x08, 0x00, 0x08, 0x00, 0x08, 0x00,
    0x7F, 0x00, 0x08, 0x00, 0x08, 0x00, 0x08, 0x00, 0x00, 0x00, 0x00, 0x00, 0x00, 0x00, 0x00, 0x00,
    0x00, 0x00, 0x00, 0x00, 0x00, 0x00, 0x00, 0x00, 0x00, 0x00, 0x00, 0x00, 0x00, 0x00, 0x00, 0x40,
    0x80, 0x80, 0x00, 0x00, 0x00, 0x00, 0x00, 0x00, 0x00, 0x00, 0x00, 0x00, 0x00, 0xE0, 0x00, 0x00,
    0x00, 0x00, 0x00, 0x00, 0x00, 0x00, 0x00, 0x00, 0x00, 0x00, 0x00, 0x00, 0x00, 0x00, 0x00, 0x00,
    0x00, 0x00, 0x60, 0x60, 0x00, 0x00, 0x00, 0x00, 0x00, 0x00, 0x00, 0x08, 0x08, 0x08, 0x10, 0x10,
    0x10, 0x20, 0x20, 0x20, 0x40, 0x40, 0x00, 0x00, 0x00, 0x00, 0x00, 0x00, 0x00, 0x00, 0x00, 0x00,
    0x00, 0x00, 0x1C, 0x00, 0x22, 0x00, 0x41, 0x00, 0x41, 0x00, 0x41, 0x00, 0x41, 0x00, 0x41, 0x00,
    0x41, 0x00, 0x22, 0x00, 0x1C, 0x00, 0x00, 0x00, 0x00, 0x00, 0x00, 0x00, 0x00, 0x00, 0x00, 0x00,
    0x00, 0x00, 0x18, 0x38, 0x48, 0x08, 0x08, 0x08, 0x08, 0x08, 0x08, 0x08, 0x00, 0x00, 0x00, 0x00,
    0x00, 0x00, 0x00, 0x00, 0x1C, 0x22, 0x62, 0x02, 0x06, 0x04, 0x08, 0x10, 0x20, 0x7E, 0x00, 0x00,
    0x00, 0x00, 0x00, 0x00, 0x00, 0x00, 0x3C, 0x62, 0x42, 0x06, 0x1C, 0x06, 0x02, 0x42, 0x66, 0x3C,
    0x00, 0x00, 0x00, 0x00, 0x00, 0x00, 0x00, 0x00, 0x02, 0x06, 0x0A, 0x1A, 0x32, 0x22, 0x7F, 0x02,
    0x02, 0x02, 0x00, 0x00, 0x00, 0x00, 0x00, 0x00, 0x00, 0x00, 0x7E, 0x40, 0x40, 0x7C, 0x66, 0x02,
    0x02, 0x42, 0x66, 0x3C, 0x00, 0x00, 0x00, 0x00, 0x00, 0x00, 0x00, 0x00, 0x00, 0x00, 0x00, 0x00,
    0x1E, 0x00, 0x23, 0x00, 0x41, 0x00, 0x5E, 0x00, 0x63, 0x00, 0x41, 0x00, 0x41, 0x00, 0x41, 0x00,
    0x22, 0x00, 0x1C, 0x00, 0x00, 0x00, 0x00, 0x00, 0x00, 0x00, 0x00, 0x00, 0x00, 0x00, 0x00, 0x00,
    0x7F, 0x03, 0x02, 0x04, 0x04, 0x08, 0x08, 0x10, 0x10, 0x20, 0x00, 0x00, 0x00, 0x00, 0x00, 0x00,
    0x00, 0x00, 0x1C, 0x22, 0x22, 0x22, 0x1C, 0x26, 0x42, 0x42, 0x66, 0x3C, 0x00, 0x00, 0x00, 0x00,
    0x00, 0x00, 0x00, 0x00, 0x3C, 0x62, 0x41, 0x41, 0x63, 0x3D, 0x01, 0x41, 0x22, 0x3C, 0x00, 0x00,
    0x00, 0x00, 0x00, 0x00, 0x00, 0x00, 0x00, 0x00, 0x60, 0x60, 0x00, 0x00, 0x00, 0x00, 0x60, 0x60,
    0x00, 0x00, 0x00, 0x00, 0x00, 0x00, 0x00, 0x00, 0x00, 0x00, 0x30, 0x30, 0x00, 0x00, 0x00, 0x00,
    0x00, 0x20, 0x20, 0x40, 0x00, 0x00, 0x00, 0x00, 0x00, 0x00, 0x00, 0x00, 0x06, 0x18, 0x60, 0x60,
    0x18, 0x04, 0x02, 0x00, 0x00, 0x00, 0x00, 0x00, 0x00, 0x00, 0x00, 0x00, 0x00, 0x00, 0x00, 0x7E,
    0x00, 0x00, 0x7E, 0x00, 0x00, 0x00, 0x00, 0x00, 0x00, 0x00, 0x00, 0x00, 0x00, 0x00, 0x00, 0x00,
    0x60, 0x10, 0x0C, 0x06, 0x18, 0x60, 0x00, 0x00, 0x00, 0x00, 0x00, 0x00, 0x00, 0x00, 0x00, 0x00,
    0x3C, 0x62, 0x42, 0x02, 0x04, 0x08, 0x18, 0x00, 0x18, 0x18, 0x00, 0x00, 0x00, 0x00, 0x00, 0x00,
    0x00, 0x00, 0x00, 0x00, 0x00, 0x00, 0x00, 0x00, 0x0F, 0x80, 0x18, 0xC0, 0x27, 0xE0, 0x6C, 0xA0,
    0x49, 0x20, 0x49, 0x20, 0x49, 0x60, 0x47, 0xC0, 0x60, 0x00, 0x30, 0x80, 0x1F, 0x00, 0x00, 0x00,
    0x00, 0x00, 0x00, 0x00, 0x00, 0x00, 0x00, 0x00, 0x00, 0x00, 0x0C, 0x00, 0x14, 0x00, 0x14, 0x00,
    0x12, 0x00, 0x22, 0x00, 0x3E, 0x00, 0x21, 0x00, 0x41, 0x00, 0x41, 0x00, 0x41, 0x80, 0x00, 0x00,
    0x00, 0x00, 0x00, 0x00, 0x00, 0x00, 0x00, 0x00, 0x00, 0x00, 0x00, 0x00, 0x00, 0x00, 0x7C, 0x00,
    0x42, 0x00, 0x42, 0x00, 0x42, 0x00, 0x7C, 0x00, 0x42, 0x00, 0x41, 0x00, 0x41, 0x00, 0x43, 0x00,
    0x7E, 0x00, 0x00, 0x00, 0x00, 0x00, 0x00, 0x00, 0x00, 0x00, 0x00, 0x00, 0x00, 0x00, 0x00, 0x00,
    0x00, 0x00, 0x1F, 0x00, 0x21, 0x80, 0x60, 0x80, 0x40, 0x00, 0x40, 0x00, 0x40, 0x00, 0x40, 0x00,
    0x60, 0x80, 0x21, 0x00, 0x1E, 0x00, 0x00, 0x00, 0x00, 0x00, 0x00, 0x00, 0x00, 0x00, 0x00, 0x00,
    0x00, 0x00, 0x00, 0x00, 0x00, 0x00, 0x7E, 0x00, 0x43, 0x00, 0x41, 0x80, 0x40, 0x80, 0x40, 0x80,
    0x40, 0x80, 0x40, 0x80, 0x41, 0x00, 0x43, 0x00, 0x7E, 0x00, 0x00, 0x00, 0x00, 0x00, 0x00, 0x00,
    0x00, 0x00, 0x00, 0x00, 0x00, 0x00, 0x00, 0x00, 0x00, 0x00, 0x7E, 0x00, 0x40, 0x00, 0x40, 0x00,
    0x40, 0x00, 0x7E, 0x00, 0x40, 0x00, 0x40, 0x00, 0x40, 0x00, 0x40, 0x00, 0x7E, 0x00, 0x00, 0x00,
    0x00, 0x00, 0x00, 0x00, 0x00, 0x00, 0x00, 0x00, 0x00, 0x00, 0x00, 0x00, 0x00, 0x00, 0x7E, 0x00,
    0x40, 0x00, 0x40, 0x00, 0x40, 0x00, 0x7E, 0x00, 0x40, 0x00, 0x40, 0x00, 0x40, 0x00, 0x40, 0x00,
    0x40, 0x00, 0x00, 0x00, 0x00, 0x00, 0x00, 0x00, 0x00, 0x00, 0x00, 0x00, 0x00, 0x00, 0x00, 0x00,
    0x00, 0x00, 0x1F, 0x00, 0x21, 0x80, 0x60, 0x80, 0x40, 0x00, 0x40, 0x00, 0x43, 0x80, 0x40, 0x80,
    0x60, 0x80, 0x31, 0x80, 0x1E, 0x80, 0x00, 0x00, 0x00, 0x00, 0x00, 0x00, 0x00, 0x00, 0x00, 0x00,
    0x00, 0x00, 0x00, 0x00, 0x00, 0x00, 0x40, 0x80, 0x40, 0x80, 0x40, 0x80, 0x40, 0x80, 0x40, 0x80,
    0x7F, 0x80, 0x40, 0x80, 0x40, 0x80, 0x40, 0x80, 0x40, 0x80, 0x00, 0x00, 0x00, 0x00, 0x00, 0x00,
    0x00, 0x00, 0x00, 0x00, 0x00, 0x00, 0x40, 0x40, 0x40, 0x40, 0x40, 0x40, 0x40, 0x40, 0x40, 0x40,
    0x00, 0x00, 0x00, 0x00, 0x00, 0x00, 0x00, 0x00, 0x02, 0x02, 0x02, 0x02, 0x02, 0x02, 0x42, 0x42,
    0x46, 0x3C, 0x00, 0x00, 0x00, 0x00, 0x00, 0x00, 0x00, 0x00, 0x00, 0x00, 0x00, 0x00, 0x43, 0x00,
    0x46, 0x00, 0x44, 0x00, 0x48, 0x00, 0x50, 0x00, 0x70, 0x00, 0x48, 0x00, 0x4C, 0x00, 0x46, 0x00,
    0x43, 0x00, 0x00, 0x00, 0x00, 0x00, 0x00, 0x00, 0x00, 0x00, 0x00, 0x00, 0x00, 0x00, 0x00, 0x00,
    0x00, 0x00, 0x40, 0x00, 0x40, 0x00, 0x40, 0x00, 0x40, 0x00, 0x40, 0x00, 0x40, 0x00, 0x40, 0x00,
    0x40, 0x00, 0x40, 0x00, 0x7E, 0x00, 0x00, 0x00, 0x00, 0x00, 0x00, 0x00, 0x00, 0x00, 0x00, 0x00,
    0x00, 0x00, 0x00, 0x00, 0x00, 0x00, 0x60, 0x60, 0x60, 0x60, 0x70, 0xE0, 0x50, 0xA0, 0x50, 0xA0,
    0x49, 0x20, 0x49, 0x20, 0x4D, 0x20, 0x46, 0x20, 0x46, 0x20, 0x00, 0x00, 0x00, 0x00, 0x00, 0x00,
    0x00, 0x00, 0x00, 0x00, 0x00, 0x00, 0x00, 0x00, 0x00, 0x00, 0x61, 0x00, 0x61, 0x00, 0x51, 0x00,
    0x51, 0x00, 0x49, 0x00, 0x49, 0x00, 0x45, 0x00, 0x45, 0x00, 0x43, 0x00, 0x43, 0x00, 0x00, 0x00,
    0x00, 0x00, 0x00, 0x00, 0x00, 0x00, 0x00, 0x00, 0x00, 0x00, 0x00, 0x00, 0x00, 0x00, 0x1F, 0x00,
    0x31, 0x80, 0x60, 0xC0, 0x40, 0x40, 0x40, 0x40, 0x40, 0x40, 0x40, 0x40, 0x60, 0xC0, 0x31, 0x80,
    0x1F, 0x00, 0x00, 0x00, 0x00, 0x00, 0x00, 0x00, 0x00, 0x00, 0x00, 0x00, 0x00, 0x00, 0x00, 0x00,
    0x00, 0x00, 0x7E, 0x00, 0x43, 0x00, 0x41, 0x00, 0x41, 0x00, 0x43, 0x00, 0x7E, 0x00, 0x40, 0x00,
    0x40, 0x00, 0x40, 0x00, 0x40, 0x00, 0x00, 0x00, 0x00, 0x00, 0x00, 0x00, 0x00, 0x00, 0x00, 0x00,
    0x00, 0x00, 0x00, 0x00, 0x00, 0x00, 0x1F, 0x00, 0x31, 0x80, 0x60, 0xC0, 0x40, 0x40, 0x40, 0x40,
    0x40, 0x40, 0x40, 0x40, 0x60, 0xC0, 0x31, 0x80, 0x1F, 0x80, 0x00, 0x40, 0x00, 0x00, 0x00, 0x00,
    0x00, 0x00, 0x00, 0x00, 0x00, 0x00, 0x00, 0x00, 0x00, 0x00, 0x7E, 0x00, 0x43, 0x00, 0x41, 0x00,
    0x41, 0x00, 0x43, 0x00, 0x7E, 0x00, 0x42, 0x00, 0x43, 0x00, 0x41, 0x00, 0x41, 0x00, 0x00, 0x00,
    0x00, 0x00, 0x00, 0x00, 0x00, 0x00, 0x00, 0x00, 0x00, 0x00, 0x3C, 0x46, 0x42, 0x40, 0x38, 0x0C,
    0x02, 0x42, 0x46, 0x3C, 0x00, 0x00, 0x00, 0x00, 0x00, 0x00, 0x00, 0x00, 0x00, 0x00, 0x00, 0x00,
    0x7F, 0x80, 0x04, 0x00, 0x04, 0x00, 0x04, 0x00, 0x04, 0x00, 0x04, 0x00, 0x04, 0x00, 0x04, 0x00,
    0x04, 0x00, 0x04, 0x00, 0x00, 0x00, 0x00, 0x00, 0x00, 0x00, 0x00, 0x00, 0x00, 0x00, 0x00, 0x00,
    0x00, 0x00, 0x00, 0x00, 0x41, 0x00, 0x41, 0x00, 0x41, 0x00, 0x41, 0x00, 0x41, 0x00, 0x41, 0x00,
    0x41, 0x00, 0x41, 0x00, 0x63, 0x00, 0x3E, 0x00, 0x00, 0x00, 0x00, 0x00, 0x00, 0x00, 0x00, 0x00,
    0x00, 0x00, 0x00, 0x00, 0x00, 0x00, 0x00, 0x00, 0x41, 0x80, 0x41, 0x00, 0x61, 0x00, 0x23, 0x00,
    0x22, 0x00, 0x22, 0x00, 0x16, 0x00, 0x14, 0x00, 0x14, 0x00, 0x0C, 0x00, 0x00, 0x00, 0x00, 0x00,
    0x00, 0x00, 0x00, 0x00, 0x00, 0x00, 0x00, 0x00, 0x00, 0x00, 0x00, 0x00, 0xC3, 0x08, 0x43, 0x08,
    0x47, 0x18, 0x65, 0x10, 0x24, 0x90, 0x24, 0x90, 0x28, 0xB0, 0x28, 0xA0, 0x18, 0x60, 0x18, 0x60,
    0x00, 0x00, 0x00, 0x00, 0x00, 0x00, 0x00, 0x00, 0x00, 0x00, 0x00, 0x00, 0x00, 0x00, 0x00, 0x00,
    0x41, 0x00, 0x23, 0x00, 0x32, 0x00, 0x14, 0x00, 0x1C, 0x00, 0x1C, 0x00, 0x14, 0x00, 0x22, 0x00,
    0x63, 0x00, 0x41, 0x00, 0x00, 0x00, 0x00, 0x00, 0x00, 0x00, 0x00, 0x00, 0x00, 0x00, 0x00, 0x00,
    0x00, 0x00, 0x00, 0x00, 0x41, 0x00, 0x63, 0x00, 0x22, 0x00, 0x14, 0x00, 0x14, 0x00, 0x08, 0x00,
    0x08, 0x00, 0x08, 0x00, 0x08, 0x00, 0x08, 0x00, 0x00, 0x00, 0x00, 0x00, 0x00, 0x00, 0x00, 0x00,
    0x00, 0x00, 0x00, 0x00, 0x00, 0x00, 0x00, 0x00, 0x7F, 0x00, 0x03, 0x00, 0x06, 0x00, 0x04, 0x00,
    0x08, 0x00, 0x18, 0x00, 0x10, 0x00, 0x20, 0x00, 0x40, 0x00, 0x7F, 0x00, 0x00, 0x00, 0x00, 0x00,
    0x00, 0x00, 0x00, 0x00, 0x00, 0x00, 0x60, 0x40, 0x40, 0x40, 0x40, 0x40, 0x40, 0x40, 0x40, 0x40,
    0x40, 0x40, 0x60, 0x00, 0x00, 0x00, 0x00, 0x00, 0x00, 0x80, 0x80, 0x40, 0x40, 0x40, 0x20, 0x20,
    0x20, 0x10, 0x10, 0x10, 0x00, 0x00, 0x00, 0x00, 0x00, 0x00, 0x60, 0x20, 0x20, 0x20, 0x20, 0x20,
    0x20, 0x20, 0x20, 0x20, 0x20, 0x20, 0x60, 0x00, 0x00, 0x00, 0x00, 0x00, 0x00, 0x00, 0x00, 0x18,
    0x18, 0x24, 0x24, 0x24, 0x42, 0x00, 0x00, 0x00, 0x00, 0x00, 0x00, 0x00, 0x00, 0x00, 0x00, 0x00,
    0x00, 0x00, 0x00, 0x00, 0x00, 0x00, 0x00, 0x00, 0x00, 0x00, 0x7C, 0x00, 0x00, 0x00, 0x00, 0x00,
    0x00, 0x40, 0x40, 0x00, 0x00, 0x00, 0x00, 0x00, 0x00, 0x00, 0x00, 0x00, 0x00, 0x00, 0x00, 0x00,
    0x00, 0x00, 0x00, 0x00, 0x00, 0x00, 0x3C, 0x62, 0x42, 0x1E, 0x62, 0x42, 0x46, 0x3E, 0x00, 0x00,
    0x00, 0x00, 0x00, 0x00, 0x00, 0x00, 0x00, 0x00, 0x40, 0x00, 0x40, 0x00, 0x40, 0x00, 0x5C, 0x00,
    0x62, 0x00, 0x41, 0x00, 0x41, 0x00, 0x41, 0x00, 0x41, 0x00, 0x62, 0x00, 0x5C, 0x00, 0x00, 0x00,
    0x00, 0x00, 0x00, 0x00, 0x00, 0x00, 0x00, 0x00, 0x00, 0x00, 0x00, 0x00, 0x1C, 0x26, 0x42, 0x40,
    0x40, 0x42, 0x66, 0x3C, 0x00, 0x00, 0x00, 0x00, 0x00, 0x00, 0x00, 0x00, 0x00, 0x00, 0x01, 0x00,
    0x01, 0x00, 0x01, 0x00, 0x1D, 0x00, 0x23, 0x00, 0x41, 0x00, 0x41, 0x00, 0x41, 0x00, 0x41, 0x00,
    0x23, 0x00, 0x1D, 0x00, 0x00, 0x00, 0x00, 0x00, 0x00, 0x00, 0x00, 0x00, 0x00, 0x00, 0x00, 0x00,
    0x00, 0x00, 0x1C, 0x22, 0x42, 0x7E, 0x40, 0x42, 0x26, 0x3C, 0x00, 0x00, 0x00, 0x00, 0x00, 0x00,
    0x00, 0x18, 0x20, 0x20, 0x78, 0x20, 0x20, 0x20, 0x20, 0x20, 0x20, 0x20, 0x00, 0x00, 0x00, 0x00,
    0x00, 0x00, 0x00, 0x00, 0x00, 0x00, 0x00, 0x00, 0x00, 0x00, 0x00, 0x00, 0x1F, 0x00, 0x23, 0x00,
    0x41, 0x00, 0x41, 0x00, 0x41, 0x00, 0x41, 0x00, 0x23, 0x00, 0x1D, 0x00, 0x41, 0x00, 0x63, 0x00,
    0x3E, 0x00, 0x00, 0x00, 0x00, 0x00, 0x00, 0x40, 0x40, 0x40, 0x5C, 0x66, 0x42, 0x42, 0x42, 0x42,
    0x42, 0x42, 0x00, 0x00, 0x00, 0x00, 0x00, 0x00, 0x00, 0x00, 0x40, 0x00, 0x40, 0x40, 0x40, 0x40,
    0x40, 0x40, 0x40, 0x40, 0x00, 0x00, 0x00, 0x00, 0x00, 0x00, 0x00, 0x00, 0x20, 0x00, 0x20, 0x20,
    0x20, 0x20, 0x20, 0x20, 0x20, 0x20, 0x20, 0x20, 0x60, 0x00, 0x00, 0x00, 0x00, 0x40, 0x40, 0x40,
    0x46, 0x4C, 0x58, 0x70, 0x70, 0x58, 0x4C, 0x46, 0x00, 0x00, 0x00, 0x00, 0x00, 0x00, 0x00, 0x40,
    0x40, 0x40, 0x40, 0x40, 0x40, 0x40, 0x40, 0x40, 0x40, 0x60, 0x00, 0x00, 0x00, 0x00, 0x00, 0x00,
    0x00, 0x00, 0x00, 0x00, 0x00, 0x00, 0x00, 0x00, 0x00, 0x00, 0x7B, 0x80, 0x66, 0x40, 0x44, 0x40,
    0x44, 0x40, 0x44, 0x40, 0x44, 0x40, 0x44, 0x40, 0x44, 0x40, 0x00, 0x00, 0x00, 0x00, 0x00, 0x00,
    0x00, 0x00, 0x00, 0x00, 0x00, 0x00, 0x00, 0x00, 0x5C, 0x62, 0x42, 0x42, 0x42, 0x42, 0x42, 0x42,
    0x00, 0x00, 0x00, 0x00, 0x00, 0x00, 0x00, 0x00, 0x00, 0x00, 0x00, 0x00, 0x00, 0x00, 0x00, 0x00,
    0x1C, 0x00, 0x22, 0x00, 0x41, 0x00, 0x41, 0x00, 0x41, 0x00, 0x41, 0x00, 0x22, 0x00, 0x1C, 0x00,
    0x00, 0x00, 0x00, 0x00, 0x00, 0x00, 0x00, 0x00, 0x00, 0x00, 0x00, 0x00, 0x00, 0x00, 0x00, 0x00,
    0x00, 0x00, 0x00, 0x00, 0x5C, 0x00, 0x62, 0x00, 0x41, 0x00, 0x41, 0x00, 0x41, 0x00, 0x41, 0x00,
    0x62, 0x00, 0x5C, 0x00, 0x40, 0x00, 0x40, 0x00, 0x40, 0x00, 0x00, 0x00, 0x00, 0x00, 0x00, 0x00,
    0x00, 0x00, 0x00, 0x00, 0x00, 0x00, 0x00, 0x00, 0x1D, 0x00, 0x23, 0x00, 0x41, 0x00, 0x41, 0x00,
    0x41, 0x00, 0x41, 0x00, 0x23, 0x00, 0x1D, 0x00, 0x01, 0x00, 0x01, 0x00, 0x01, 0x00, 0x00, 0x00,
    0x00, 0x00, 0x00, 0x00, 0x00, 0x00, 0x50, 0x60, 0x40, 0x40, 0x40, 0x40, 0x40, 0x40, 0x00, 0x00,
    0x00, 0x00, 0x00, 0x00, 0x00, 0x00, 0x00, 0x00, 0x38, 0x4C, 0x40, 0x70, 0x1C, 0x04, 0x44, 0x38,
    0x00, 0x00, 0x00, 0x00, 0x00, 0x00, 0x00, 0x00, 0x40, 0x40, 0xE0, 0x40, 0x40, 0x40, 0x40, 0x40,
    0x40, 0x60, 0x00, 0x00, 0x00, 0x00, 0x00, 0x00, 0x00, 0x00, 0x00, 0x00, 0x42, 0x42, 0x42, 0x42,
    0x42, 0x42, 0x66, 0x3A, 0x00, 0x00, 0x00, 0x00, 0x00, 0x00, 0x00, 0x00, 0x00, 0x00, 0xC2, 0x46,
    0x44, 0x44, 0x2C, 0x28, 0x28, 0x10, 0x00, 0x00, 0x00, 0x00, 0x00, 0x00, 0x00, 0x00, 0x00, 0x00,
    0x00, 0x00, 0x00, 0x00, 0x00, 0x00, 0xC4, 0x60, 0xCA, 0x40, 0x4A, 0x40, 0x4A, 0x40, 0x6A, 0xC0,
    0x33, 0x80, 0x31, 0x80, 0x31, 0x80, 0x00, 0x00, 0x00, 0x00, 0x00, 0x00, 0x00, 0x00, 0x00, 0x00,
    0x00, 0x00, 0x00, 0x00, 0xC4, 0x4C, 0x28, 0x30, 0x30, 0x28, 0x4C, 0xC4, 0x00, 0x00, 0x00, 0x00,
    0x00, 0x00, 0x00, 0x00, 0x00, 0x00, 0xC2, 0x46, 0x44, 0x64, 0x24, 0x28, 0x38, 0x18, 0x10, 0x10,
    0x60, 0x00, 0x00, 0x00, 0x00, 0x00, 0x00, 0x00, 0x3E, 0x06, 0x0C, 0x08, 0x18, 0x30, 0x60, 0x7E,
    0x00, 0x00, 0x00, 0x00, 0x00, 0x00, 0x30, 0x20, 0x20, 0x20, 0x20, 0x20, 0x40, 0x20, 0x20, 0x20,
    0x20, 0x20, 0x30, 0x00, 0x00, 0x00, 0x00, 0x00, 0x40, 0x40, 0x40, 0x40, 0x40, 0x40, 0x40, 0x40,
    0x40, 0x40, 0x40, 0x40, 0x40, 0x40, 0x40, 0x00, 0x00, 0x00, 0xC0, 0x40, 0x40, 0x40, 0x40, 0x40,
    0x20, 0x40, 0x40, 0x40, 0x40, 0x40, 0xC0, 0x00, 0x00, 0x00, 0x00, 0x00, 0x00, 0x00, 0x00, 0x00,
    0x00, 0x00, 0x00, 0x72, 0x4E, 0x00, 0x00, 0x00, 0x00, 0x00, 0x00, 0x00, 0x00, 0x00, 0x20, 0x10,
    0x08, 0x00, 0x3C, 0x62, 0x42, 0x1E, 0x62, 0x42, 0x46, 0x3E, 0x00, 0x00, 0x00, 0x00, 0x00, 0x00,
    0x10, 0x28, 0x44, 0x00, 0x3C, 0x62, 0x42, 0x1E, 0x62, 0x42, 0x46, 0x3E, 0x00, 0x00, 0x00, 0x00,
    0x00, 0x00, 0x00, 0x00, 0x00, 0x00, 0x1C, 0x26, 0x42, 0x40, 0x40, 0x42, 0x66, 0x3C, 0x08, 0x08,
    0x00, 0x00, 0x00, 0x00, 0x08, 0x10, 0x20, 0x00, 0x1C, 0x22, 0x42, 0x7E, 0x40, 0x42, 0x26, 0x3C,
    0x00, 0x00, 0x00, 0x00, 0x00, 0x00, 0x20, 0x10, 0x08, 0x00, 0x1C, 0x22, 0x42, 0x7E, 0x40, 0x42,
    0x26, 0x3C, 0x00, 0x00, 0x00, 0x00, 0x00, 0x00, 0x10, 0x28, 0x44, 0x00, 0x1C, 0x22, 0x42, 0x7E,
    0x40, 0x42, 0x26, 0x3C, 0x00, 0x00, 0x00, 0x00, 0x00, 0x00, 0x00, 0x00, 0x24, 0x00, 0x1C, 0x22,
    0x42, 0x7E, 0x40, 0x42, 0x26, 0x3C, 0x00, 0x00, 0x00, 0x00, 0x00, 0x00, 0x20, 0x50, 0x88, 0x00,
    0x20, 0x20, 0x20, 0x20, 0x20, 0x20, 0x20, 0x20, 0x00, 0x00, 0x00, 0x00, 0x00, 0x00, 0x00, 0x00,
    0x20, 0x00, 0x40, 0x40, 0x40, 0x40, 0x40, 0x40, 0x40, 0x40, 0x00, 0x00, 0x00, 0x00, 0x00, 0x00,
    0x00, 0x00, 0x08, 0x00, 0x14, 0x00, 0x22, 0x00, 0x00, 0x00, 0x1C, 0x00, 0x22, 0x00, 0x41, 0x00,
    0x41, 0x00, 0x41, 0x00, 0x41, 0x00, 0x22, 0x00, 0x1C, 0x00, 0x00, 0x00, 0x00, 0x00, 0x00, 0x00,
    0x00, 0x00, 0x00, 0x00, 0x20, 0x10, 0x08, 0x00, 0x42, 0x42, 0x42, 0x42, 0x42, 0x42, 0x66, 0x3A,
    0x00, 0x00, 0x00, 0x00, 0x00, 0x00, 0x10, 0x28, 0x44, 0x00, 0x42, 0x42, 0x42, 0x42, 0x42, 0x42,
    0x66, 0x3A, 0x00, 0x00, 0x00, 0x00, 0x00, 0x00, 0x00, 0x00, 0x24, 0x00, 0x42, 0x42, 0x42, 0x42,
    0x42, 0x42, 0x66, 0x3A, 0x00, 0x00, 0x00, 0x00, 0x10, 0x00, 0x08, 0x00, 0x04, 0x00, 0x00, 0x00,
    0x0C, 0x00, 0x14, 0x00, 0x14, 0x00, 0x12, 0x00, 0x22, 0x00, 0x3E, 0x00, 0x21, 0x00, 0x41, 0x00,
    0x41, 0x00, 0x41, 0x80, 0x00, 0x00, 0x00, 0x00, 0x00, 0x00, 0x00, 0x00, 0x08, 0x00, 0x10, 0x00,
    0x20, 0x00, 0x00, 0x00, 0x7E, 0x00, 0x40, 0x00, 0x40, 0x00, 0x40, 0x00, 0x7E, 0x00, 0x40, 0x00,
    0x40, 0x00, 0x40, 0x00, 0x40, 0x00, 0x7E, 0x00, 0x00, 0x00, 0x00, 0x00, 0x00, 0x00, 0x00, 0x00,
    0x20, 0x00, 0x10, 0x00, 0x08, 0x00, 0x00, 0x00, 0x7E, 0x00, 0x40, 0x00, 0x40, 0x00, 0x40, 0x00,
    0x7E, 0x00, 0x40, 0x00, 0x40, 0x00, 0x40, 0x00, 0x40, 0x00, 0x7E, 0x00, 0x00, 0x00, 0x00, 0x00,
    0x00, 0x00, 0x00, 0x00, 0x10, 0x00, 0x28, 0x00, 0x44, 0x00, 0x00, 0x00, 0x7E, 0x00, 0x40, 0x00,
    0x40, 0x00, 0x40, 0x00, 0x7E, 0x00, 0x40, 0x00, 0x40, 0x00, 0x40, 0x00, 0x40, 0x00, 0x7E, 0x00,
    0x00, 0x00, 0x00, 0x00, 0x00, 0x00, 0x00, 0x00, 0x00, 0x00, 0x00, 0x00, 0x00, 0x00, 0x00, 0x00,
    0x1F, 0x00, 0x21, 0x80, 0x60, 0x80, 0x40, 0x00, 0x40, 0x00, 0x40, 0x00, 0x40, 0x00, 0x60, 0x80,
    0x21, 0x00, 0x1E, 0x00, 0x04, 0x00, 0x04, 0x00, 0x00, 0x00, 0x00, 0x00, 0x00, 0x00, 0x08, 0x10,
    0x20, 0x00, 0x3C, 0x62, 0x42, 0x1E, 0x62, 0x42, 0x46, 0x3E, 0x00, 0x00, 0x00, 0x00, 0x00, 0x00,
    0x20, 0x40, 0x80, 0x00, 0x40, 0x40, 0x40, 0x40, 0x40, 0x40, 0x40, 0x40, 0x00, 0x00, 0x00, 0x00,
    0x00, 0x00, 0x00, 0x00, 0x04, 0x00, 0x08, 0x00, 0x10, 0x00, 0x00, 0x00, 0x1C, 0x00, 0x22, 0x00,
    0x41, 0x00, 0x41, 0x00, 0x41, 0x00, 0x41, 0x00, 0x22, 0x00, 0x1C, 0x00, 0x00, 0x00, 0x00, 0x00,
    0x00, 0x00, 0x00, 0x00, 0x00, 0x00, 0x08, 0x10, 0x20, 0x00, 0x42, 0x42, 0x42, 0x42, 0x42, 0x42,
    0x66, 0x3A, 0x00, 0x00, 0x00, 0x00, 0x00, 0x00, 0x80, 0x40, 0x20, 0x00, 0x40, 0x40, 0x40, 0x40,
    0x40, 0x40, 0x40, 0x40, 0x00, 0x00, 0x00, 0x00, 0x00, 0x00, 0x00, 0x00, 0x10, 0x00, 0x08, 0x00,
    0x04, 0x00, 0x00, 0x00, 0x1C, 0x00, 0x22, 0x00, 0x41, 0x00, 0x41, 0x00, 0x41, 0x00, 0x41, 0x00,
    0x22, 0x00, 0x1C, 0x00, 0x00, 0x00, 0x00, 0x00, 0x00, 0x00, 0x00, 0x00, 0x00, 0x00, 0x00, 0x00,
    0x24, 0x00, 0x3C, 0x62, 0x42, 0x1E, 0x62, 0x42, 0x46, 0x3E, 0x00, 0x00, 0x00, 0x00, 0x00, 0x00,
    0x00, 0x00, 0x00, 0x00, 0x00, 0x00, 0x24, 0x00, 0x00, 0x00, 0x1C, 0x00, 0x22, 0x00, 0x41, 0x00,
    0x41, 0x00, 0x41, 0x00, 0x41, 0x00, 0x22, 0x00, 0x1C, 0x00, 0x00, 0x00, 0x00, 0x00, 0x00, 0x00,
    0x00, 0x00, 0x00, 0x00, 0x24, 0x58, 0x00, 0x00, 0x5C, 0x62, 0x42, 0x42, 0x42, 0x42, 0x42, 0x42,
    0x00, 0x00, 0x00, 0x00, 0x04, 0x00, 0x08, 0x00, 0x10, 0x00, 0x00, 0x00, 0x0C, 0x00, 0x14, 0x00,
    0x14, 0x00, 0x12, 0x00, 0x22, 0x00, 0x3E, 0x00, 0x21, 0x00, 0x41, 0x00, 0x41, 0x00, 0x41, 0x80,
    0x00, 0x00, 0x00, 0x00, 0x00, 0x00, 0x00, 0x00, 0x20, 0x40, 0x80, 0x00, 0x40, 0x40, 0x40, 0x40,
    0x40, 0x40, 0x40, 0x40, 0x40, 0x40, 0x00, 0x00, 0x00, 0x00, 0x02, 0x00, 0x04, 0x00, 0x08, 0x00,
    0x00, 0x00, 0x1F, 0x00, 0x31, 0x80, 0x60, 0xC0, 0x40, 0x40, 0x40, 0x40, 0x40, 0x40, 0x40, 0x40,
    0x60, 0xC0, 0x31, 0x80, 0x1F, 0x00, 0x00, 0x00, 0x00, 0x00, 0x00, 0x00, 0x00, 0x00, 0x04, 0x00,
    0x08, 0x00, 0x10, 0x00, 0x00, 0x00, 0x41, 0x00, 0x41, 0x00, 0x41, 0x00, 0x41, 0x00, 0x41, 0x00,
    0x41, 0x00, 0x41, 0x00, 0x41, 0x00, 0x63, 0x00, 0x3E, 0x00, 0x00, 0x00, 0x00, 0x00, 0x00, 0x00,
    0x00, 0x00, 0x80, 0x40, 0x20, 0x00, 0x40, 0x40, 0x40, 0x40, 0x40, 0x40, 0x40, 0x40, 0x40, 0x40,
    0x00, 0x00, 0x00, 0x00, 0x08, 0x00, 0x04, 0x00, 0x02, 0x00, 0x00, 0x00, 0x1F, 0x00, 0x31, 0x80,
    0x60, 0xC0, 0x40, 0x40, 0x40, 0x40, 0x40, 0x40, 0x40, 0x40, 0x60, 0xC0, 0x31, 0x80, 0x1F, 0x00,
    0x00, 0x00, 0x00, 0x00, 0x00, 0x00, 0x00, 0x00, 0x10, 0x00, 0x08, 0x00, 0x04, 0x00, 0x00, 0x00,
    0x41, 0x00, 0x41, 0x00, 0x41, 0x00, 0x41, 0x00, 0x41, 0x00, 0x41, 0x00, 0x41, 0x00, 0x41, 0x00,
    0x63, 0x00, 0x3E, 0x00, 0x00, 0x00, 0x00, 0x00, 0x00, 0x00, 0x00, 0x00, 0x00, 0x00, 0x00, 0x00,
    0x12, 0x00, 0x00, 0x00, 0x0C, 0x00, 0x14, 0x00, 0x14, 0x00, 0x12, 0x00, 0x22, 0x00, 0x3E, 0x00,
    0x21, 0x00, 0x41, 0x00, 0x41, 0x00, 0x41, 0x80, 0x00, 0x00, 0x00, 0x00, 0x00, 0x00, 0x00, 0x00,
    0x00, 0x00, 0x00, 0x00, 0x12, 0x00, 0x00, 0x00, 0x1F, 0x00, 0x31, 0x80, 0x60, 0xC0, 0x40, 0x40,
    0x40, 0x40, 0x40, 0x40, 0x40, 0x40, 0x60, 0xC0, 0x31, 0x80, 0x1F, 0x00, 0x00, 0x00, 0x00, 0x00,
    0x00, 0x00, 0x00, 0x00, 0x00, 0x00, 0x00, 0x00, 0x24, 0x00, 0x00, 0x00, 0x41, 0x00, 0x41, 0x00,
    0x41, 0x00, 0x41, 0x00, 0x41, 0x00, 0x41, 0x00, 0x41, 0x00, 0x41, 0x00, 0x63, 0x00, 0x3E, 0x00,
    0x00, 0x00, 0x00, 0x00, 0x00, 0x00, 0x00, 0x00, 0x12, 0x00, 0x2C, 0x00, 0x00, 0x00, 0x00, 0x00,
    0x61, 0x00, 0x61, 0x00, 0x51, 0x00, 0x51, 0x00, 0x49, 0x00, 0x49, 0x00, 0x45, 0x00, 0x45, 0x00,
    0x43, 0x00, 0x43, 0x00, 0x00, 0x00, 0x00, 0x00, 0x00, 0x00, 0x00, 0x00, 0x00, 0x00, 0x00, 0x00,
    0x00, 0x00, 0x00, 0x00, 0x1C, 0x00, 0x02, 0x00, 0x42, 0x00, 0x42, 0x00, 0x64, 0x00, 0x42, 0x00,
    0x41, 0x00, 0x41, 0x00, 0x43, 0x00, 0x66, 0x00, 0x00, 0x00, 0x00, 0x00, 0x00, 0x00, 0x00, 0x00,
    0x00, 0x00, 0x00, 0x00, 0x00, 0x00, 0x00, 0x18, 0x18, 0x00, 0x18, 0x10, 0x20, 0x40, 0x42, 0x46,
    0x3C, 0x00, 0x00, 0x00, 0x00, 0x00, 0x00, 0x00, 0x00, 0x60, 0x60, 0x00, 0x20, 0x20, 0x20, 0x20,
    0x20, 0x20, 0x20, 0x00, 0x00, 0x00, 0x00, 0x00, 0x30, 0x48, 0x48, 0x48, 0x30, 0x00, 0x00, 0x00,
    0x00, 0x00, 0x00, 0x00, 0x00, 0x00,
};
const gfx_font_t gfx_font_small = {18, 137, gfx_font_small_glyphs, gfx_font_small_bitmap};

/* gfx_font_medium: Aileron 18px, 137 glyphs */
static const gfx_glyph_t gfx_font_medium_glyphs[] = {
    {0x0020, 64, 4, 0},
    {0x0021, 64, 4, 23},
    {0x0022, 112, 7, 46},
    {0x0023, 160, 10, 69},
    {0x0024, 160, 10, 115},
    {0x0025, 224, 14, 161},
    {0x0026, 192, 12, 207},
    {0x0027, 64, 4, 253},
    {0x0028, 96, 6, 276},
    {0x0029, 96, 6, 299},
    {0x002A, 176, 11, 322},
    {0x002B, 160, 10, 368},
    {0x002C, 64, 5, 414},
    {0x002D, 96, 6, 437},
    {0x002E, 64, 4, 460},
    {0x002F, 112, 9, 483},
    {0x0030, 160, 10, 529},
    {0x0031, 160, 10, 575},
    {0x0032, 160, 10, 621},
    {0x0033, 160, 10, 667},
    {0x0034, 160, 10, 713},
    {0x0035, 160, 10, 759},
    {0x0036, 160, 10, 805},
    {0x0037, 160, 10, 851},
    {0x0038, 160, 10, 897},
    {0x0039, 160, 10, 943},
    {0x003A, 64, 4, 989},
    {0x003B, 64, 5, 1012},
    {0x003C, 160, 10, 1035},
    {0x003D, 160, 10, 1081},
    {0x003E, 160, 10, 1127},
    {0x003F, 144, 9, 1173},
    {0x0040, 240, 15, 1219},
    {0x0041, 192, 12, 1265},
    {0x0042, 176, 11, 1311},
    {0x0043, 208, 13, 1357},
    {0x0044, 208, 13, 1403},
    {0x0045, 176, 11, 1449},
    {0x0046, 176, 11, 1495},
    {0x0047, 208, 13, 1541},
    {0x0048, 208, 13, 1587},
    {0x0049, 80, 5, 1633},
    {0x004A, 160, 10, 1656},
    {0x004B, 176, 12, 1702},
    {0x004C, 176, 11, 1748},
    {0x004D, 256, 16, 1794},
    {0x004E, 208, 13, 1840},
    {0x004F, 208, 13, 1886},
    {0x0050, 176, 11, 1932},
    {0x0051, 208, 13, 1978},
    {0x0052, 176, 11, 2024},
    {0x0053, 176, 11, 2070},
    {0x0054, 176, 11, 2116},
    {0x0055, 208, 13, 2162},
    {0x0056, 176, 12, 2208},
    {0x0057, 272, 18, 2254},
    {0x0058, 176, 12, 2323},
    {0x0059, 176, 12, 2369},
    {0x005A, 176, 11, 2415},
    {0x005B, 96, 6, 2461},
    {0x005C, 80, 7, 2484},
    {0x005D, 96, 6, 2507},
    {0x005E, 160, 10, 2530},
    {0x005F, 144, 9, 2576},
    {0x0060, 80, 5, 2622},
    {0x0061, 160, 10, 2645},
    {0x0062, 176, 11, 2691},
    {0x0063, 160, 10, 2737},
    {0x0064, 176, 11, 2783},
    {0x0065, 160, 10, 2829},
    {0x0066, 112, 7, 2875},
    {0x0067, 176, 11, 2898},
    {0x0068, 160, 10, 2944},
    {0x0069, 64, 4, 2990},
    {0x006A, 64, 5, 3013},
    {0x006B, 144, 10, 3036},
    {0x006C, 64, 4, 3082},
    {0x006D, 240, 15, 3105},
    {0x006E, 160, 10, 3151},
    {0x006F, 176, 11, 3197},
    {0x0070, 176, 11, 3243},
    {0x0071, 176, 11, 3289},
    {0x0072, 96, 6, 3335},
    {0x0073, 144, 9, 3358},
    {0x0074, 112, 7, 3404},
    {0x0075, 160, 10, 3427},
    {0x0076, 144, 10, 3473},
    {0x0077, 224, 15, 3519},
    {0x0078, 144, 10, 3565},
    {0x0079, 144, 11, 3611},
    {0x007A, 144, 9, 3657},
    {0x007B, 80, 5, 3703},
    {0x007C, 80, 5, 3726},
    {0x007D, 96, 6, 3749},
    {0x007E, 160, 10, 3772},
    {0x00E0, 160, 10, 3818},
    {0x00E2, 160, 10, 3864},
    {0x00E7, 160, 10, 3910},
    {0x00E9, 160, 10, 3956},
    {0x00E8, 160, 10, 4002},
    {0x00EA, 160, 10, 4048},
    {0x00EB, 160, 10, 4094},
    {0x00EE, 112, 7, 4140},
    {0x00EF, 128, 8, 4163},
    {0x00F4, 176, 11, 4186},
    {0x00F9, 160, 10, 4232},
    {0x00FB, 160, 10, 4278},
    {0x00FC, 160, 10, 4324},
    {0x00C0, 192, 12, 4370},
    {0x00C9, 176, 11, 4416},
    {0x00C8, 176, 11, 4462},
    {0x00CA, 176, 11, 4508},
    {0x00C7, 208, 13, 4554},
    {0x00E1, 160, 10, 4600},
    {0x00ED, 64, 4, 4646},
    {0x00F3, 176, 11, 4669},
    {0x00FA, 160, 10, 4715},
    {0x00EC, 64, 4, 4761},
    {0x00F2, 176, 11, 4784},
    {0x00E4, 160, 10, 4830},
    {0x00F6, 176, 11, 4876},
    {0x00F1, 160, 10, 4922},
    {0x00C1, 192, 12, 4968},
    {0x00CD, 80, 5, 5014},
    {0x00D3, 208, 13, 5037},
    {0x00DA, 208, 13, 5083},
    {0x00CC, 80, 5, 5129},
    {0x00D2, 208, 13, 5152},
    {0x00D9, 208, 13, 5198},
    {0x00C4, 192, 12, 5244},
    {0x00D6, 208, 13, 5290},
    {0x00DC, 208, 13, 5336},
    {0x00D1, 208, 13, 5382},
    {0x00DF, 176, 11, 5428},
    {0x00BF, 144, 9, 5474},
    {0x00A1, 64, 4, 5520},
    {0x00B0, 128, 8, 5543},
};
static const uint8_t gfx_font_medium_bitmap[] = {
    0x00, 0x00, 0x00, 0x00, 0x00, 0x00, 0x00, 0x00, 0x00, 0x00, 0x00, 0x00, 0x00, 0x00, 0x00, 0x00,
    0x00, 0x00, 0x00, 0x00, 0x00, 0x00, 0x00, 0x00, 0x00, 0x00, 0x00, 0x00, 0x60, 0x60, 0x60, 0x60,
    0x60, 0x60, 0x60, 0x60, 0x60, 0x00, 0x00, 0x60, 0x60, 0x00, 0x00, 0x00, 0x00, 0x00, 0x00, 0x00,
    0x00, 0x00, 0x00, 0x3C, 0x3C, 0x3C, 0x3C, 0x00, 0x00, 0x00, 0x00, 0x00, 0x00, 0x00, 0x00, 0x00,
    0x00, 0x00, 0x00, 0x00, 0x00, 0x00, 0x00, 0x00, 0x00, 0x00, 0x00, 0x00, 0x00, 0x00, 0x00, 0x09,
    0x00, 0x09, 0x00, 0x0A, 0x00, 0x0A, 0x00, 0x3F, 0x80, 0x12, 0x00, 0x12, 0x00, 0x14, 0x00, 0x7F,
    0x00, 0x14, 0x00, 0x14, 0x00, 0x24, 0x00, 0x24, 0x00, 0x00, 0x00, 0x00, 0x00, 0x00, 0x00, 0x00,
    0x00, 0x00, 0x00, 0x00, 0x00, 0x00, 0x00, 0x00, 0x00, 0x08, 0x00, 0x08, 0x00, 0x3E, 0x00, 0x7B,
    0x00, 0x69, 0x80, 0x69, 0x80, 0x68, 0x00, 0x78, 0x00, 0x1E, 0x00, 0x0F, 0x00, 0x09, 0x80, 0xC9,
    0x80, 0x69, 0x80, 0x6B, 0x00, 0x3E, 0x00, 0x08, 0x00, 0x08, 0x00, 0x00, 0x00, 0x00, 0x00, 0x00,
    0x00, 0x00, 0x00, 0x00, 0x00, 0x00, 0x00, 0x00, 0x00, 0x00, 0x00, 0x3C, 0x20, 0x66, 0x60, 0x66,
    0x40, 0x66, 0xC0, 0x67, 0x80, 0x3D, 0x00, 0x03, 0x00, 0x02, 0xF0, 0x07, 0x98, 0x0D, 0x98, 0x09,
    0x98, 0x19, 0x98, 0x10, 0xF0, 0x00, 0x00, 0x00, 0x00, 0x00, 0x00, 0x00, 0x00, 0x00, 0x00, 0x00,
    0x00, 0x00, 0x00, 0x00, 0x00, 0x00, 0x00, 0x00, 0x00, 0x1F, 0x00, 0x30, 0x00, 0x60, 0x00, 0x60,
    0x00, 0x60, 0xC0, 0x30, 0xC0, 0x0F, 0xE0, 0x30, 0xC0, 0x60, 0xC0, 0x60, 0xC0, 0x60, 0xC0, 0x70,
    0xC0, 0x1F, 0xC0, 0x00, 0x00, 0x00, 0x00, 0x00, 0x00, 0x00, 0x00, 0x00, 0x00, 0x00, 0x00, 0x00,
    0x00, 0x00, 0x60, 0x60, 0x60, 0x60, 0x00, 0x00, 0x00, 0x00, 0x00, 0x00, 0x00, 0x00, 0x00, 0x00,
    0x00, 0x00, 0x00, 0x00, 0x00, 0x00, 0x00, 0x08, 0x10, 0x10, 0x10, 0x20, 0x20, 0x20, 0x20, 0x20,
    0x20, 0x20, 0x20, 0x10, 0x10, 0x10, 0x08, 0x00, 0x00, 0x00, 0x00, 0x00, 0x00, 0x00, 0x40, 0x20,
    0x20, 0x20, 0x10, 0x10, 0x10, 0x10, 0x10, 0x10, 0x10, 0x10, 0x20, 0x20, 0x20, 0x40, 0x00, 0x00,
    0x00, 0x00, 0x00, 0x00, 0x00, 0x00, 0x00, 0x00, 0x00, 0x00, 0x00, 0x00, 0x00, 0x00, 0x00, 0x00,
    0x00, 0x00, 0x00, 0x00, 0x04, 0x00, 0x04, 0x00, 0x24, 0x80, 0x1F, 0x00, 0x0A, 0x00, 0x0A, 0x00,
    0x11, 0x00, 0x00, 0x00, 0x00, 0x00, 0x00, 0x00, 0x00, 0x00, 0x00, 0x00, 0x00, 0x00, 0x00, 0x00,
    0x00, 0x00, 0x00, 0x00, 0x00, 0x00, 0x00, 0x00, 0x00, 0x00, 0x00, 0x00, 0x00, 0x00, 0x00, 0x00,
    0x08, 0x00, 0x08, 0x00, 0x08, 0x00, 0x7F, 0x80, 0x08, 0x00, 0x08, 0x00, 0x08, 0x00, 0x08, 0x00,
    0x00, 0x00, 0x00, 0x00, 0x00, 0x00, 0x00, 0x00, 0x00, 0x00, 0x00, 0x00, 0x00, 0x00, 0x00, 0x00,
    0x00, 0x00, 0x00, 0x00, 0x00, 0x00, 0x00, 0x00, 0x00, 0x00, 0x00, 0x00, 0x00, 0x00, 0x60, 0x40,
    0xC0, 0xC0, 0x00, 0x00, 0x00, 0x00, 0x00, 0x00, 0x00, 0x00, 0x00, 0x00, 0x00, 0x00, 0x00, 0x00,
    0x00, 0x78, 0x00, 0x00, 0x00, 0x00, 0x00, 0x00, 0x00, 0x00, 0x00, 0x00, 0x00, 0x00, 0x00, 0x00,
    0x00, 0x00, 0x00, 0x00, 0x00, 0x00, 0x00, 0x00, 0x00, 0x00, 0x00, 0x00, 0x60, 0x60, 0x00, 0x00,
    0x00, 0x00, 0x00, 0x00, 0x00, 0x00, 0x00, 0x00, 0x00, 0x00, 0x00, 0x00, 0x00, 0x04, 0x00, 0x04,
    0x00, 0x04, 0x00, 0x08, 0x00, 0x08, 0x00, 0x08, 0x00, 0x10, 0x00, 0x10, 0x00, 0x10, 0x00, 0x20,
    0x00, 0x20, 0x00, 0x20, 0x00, 0x60, 0x00, 0x40, 0x00, 0x00, 0x00, 0x00, 0x00, 0x00, 0x00, 0x00,
    0x00, 0x00, 0x00, 0x00, 0x00, 0x00, 0x00, 0x00, 0x00, 0x00, 0x00, 0x1F, 0x00, 0x31, 0x80, 0x31,
    0x80, 0x60, 0xC0, 0x60, 0xC0, 0x60, 0xC0, 0x60, 0xC0, 0x60, 0xC0, 0x60, 0xC0, 0x60, 0xC0, 0x31,
    0x80, 0x31, 0x80, 0x1F, 0x00, 0x00, 0x00, 0x00, 0x00, 0x00, 0x00, 0x00, 0x00, 0x00, 0x00, 0x00,
    0x00, 0x00, 0x00, 0x00, 0x00, 0x00, 0x00, 0x00, 0x00, 0x07, 0x00, 0x0F, 0x00, 0x3B, 0x00, 0x23,
    0x00, 0x03, 0x00, 0x03, 0x00, 0x03, 0x00, 0x03, 0x00, 0x03, 0x00, 0x03, 0x00, 0x03, 0x00, 0x03,
    0x00, 0x03, 0x00, 0x00, 0x00, 0x00, 0x00, 0x00, 0x00, 0x00, 0x00, 0x00, 0x00, 0x00, 0x00, 0x00,
    0x00, 0x00, 0x00, 0x00, 0x00, 0x00, 0x00, 0x1E, 0x00, 0x33, 0x00, 0x21, 0x80, 0x61, 0x80, 0x01,
    0x80, 0x03, 0x80, 0x03, 0x00, 0x06, 0x00, 0x0C, 0x00, 0x18, 0x00, 0x30, 0x00, 0x30, 0x00, 0x7F,
    0x80, 0x00, 0x00, 0x00, 0x00, 0x00, 0x00, 0x00, 0x00, 0x00, 0x00, 0x00, 0x00, 0x00, 0x00, 0x00,
    0x00, 0x00, 0x00, 0x00, 0x00, 0x0F, 0x00, 0x11, 0xC0, 0x30, 0xC0, 0x20, 0xC0, 0x00, 0xC0, 0x01,
    0x80, 0x07, 0x80, 0x01, 0xC0, 0x00, 0xC0, 0x60, 0xC0, 0x60, 0xC0, 0x31, 0x80, 0x1F, 0x00, 0x00,
    0x00, 0x00, 0x00, 0x00, 0x00, 0x00, 0x00, 0x00, 0x00, 0x00, 0x00, 0x00, 0x00, 0x00, 0x00, 0x00,
    0x00, 0x00, 0x00, 0x01, 0x80, 0x03, 0x80, 0x07, 0x80, 0x05, 0x80, 0x0D, 0x80, 0x19, 0x80, 0x11,
    0x80, 0x31, 0x80, 0x21, 0x80, 0x7F, 0xC0, 0x01, 0x80, 0x01, 0x80, 0x01, 0x80, 0x00, 0x00, 0x00,
    0x00, 0x00, 0x00, 0x00, 0x00, 0x00, 0x00, 0x00, 0x00, 0x00, 0x00, 0x00, 0x00, 0x00, 0x00, 0x00,
    0x00, 0x3F, 0x80, 0x20, 0x00, 0x20, 0x00, 0x20, 0x00, 0x20, 0x00, 0x2F, 0x00, 0x71, 0x80, 0x60,
    0xC0, 0x00, 0xC0, 0x60, 0xC0, 0x60, 0xC0, 0x31, 0x80, 0x1F, 0x00, 0x00, 0x00, 0x00, 0x00, 0x00,
    0x00, 0x00, 0x00, 0x00, 0x00, 0x00, 0x00, 0x00, 0x00, 0x00, 0x00, 0x00, 0x00, 0x00, 0x00, 0x0F,
    0x00, 0x11, 0x80, 0x30, 0xC0, 0x60, 0x00, 0x6F, 0x00, 0x71, 0x80, 0x60, 0xC0, 0x60, 0xC0, 0x60,
    0xC0, 0x60, 0xC0, 0x20, 0xC0, 0x31, 0x80, 0x1F, 0x00, 0x00, 0x00, 0x00, 0x00, 0x00, 0x00, 0x00,
    0x00, 0x00, 0x00, 0x00, 0x00, 0x00, 0x00, 0x00, 0x00, 0x00, 0x00, 0x00, 0x00, 0x7F, 0xC0, 0x00,
    0xC0, 0x01, 0x80, 0x01, 0x80, 0x03, 0x00, 0x03, 0x00, 0x06, 0x00, 0x04, 0x00, 0x0C, 0x00, 0x08,
    0x00, 0x18, 0x00, 0x10, 0x00, 0x30, 0x00, 0x00, 0x00, 0x00, 0x00, 0x00, 0x00, 0x00, 0x00, 0x00,
    0x00, 0x00, 0x00, 0x00, 0x00, 0x00, 0x00, 0x00, 0x00, 0x00, 0x00, 0x1F, 0x00, 0x31, 0x80, 0x60,
    0xC0, 0x60, 0xC0, 0x60, 0xC0, 0x31, 0x80, 0x1F, 0x80, 0x31, 0xC0, 0x60, 0xC0, 0x60, 0xC0, 0x60,
    0xC0, 0x31, 0x80, 0x1F, 0x00, 0x00, 0x00, 0x00, 0x00, 0x00, 0x00, 0x00, 0x00, 0x00, 0x00, 0x00,
    0x00, 0x00, 0x00, 0x00, 0x00, 0x00, 0x00, 0x00, 0x00, 0x1F, 0x00, 0x31, 0x80, 0x60, 0x80, 0x60,
    0xC0, 0x60, 0xC0, 0x60, 0xC0, 0x60, 0xC0, 0x31, 0xC0, 0x1E, 0xC0, 0x00, 0x80, 0x61, 0x80, 0x31,
    0x00, 0x1E, 0x00, 0x00, 0x00, 0x00, 0x00, 0x00, 0x00, 0x00, 0x00, 0x00, 0x00, 0x00, 0x00, 0x00,
    0x00, 0x00, 0x00, 0x00, 0x00, 0x60, 0x60, 0x00, 0x00, 0x00, 0x00, 0x00, 0x00, 0x60, 0x60, 0x00,
    0x00, 0x00, 0x00, 0x00, 0x00, 0x00, 0x00, 0x00, 0x00, 0x00, 0x00, 0x00, 0x60, 0x60, 0x00, 0x00,
    0x00, 0x00, 0x00, 0x00, 0x60, 0x40, 0xC0, 0x80, 0x00, 0x00, 0x00, 0x00, 0x00, 0x00, 0x00, 0x00,
    0x00, 0x00, 0x00, 0x00, 0x00, 0x00, 0x00, 0x00, 0x00, 0x00, 0x00, 0x00, 0x80, 0x03, 0x00, 0x0C,
    0x00, 0x30, 0x00, 0x30, 0x00, 0x1C, 0x00, 0x07, 0x00, 0x01, 0x80, 0x00, 0x00, 0x00, 0x00, 0x00,
    0x00, 0x00, 0x00, 0x00, 0x00, 0x00, 0x00, 0x00, 0x00, 0x00, 0x00, 0x00, 0x00, 0x00, 0x00, 0x00,
    0x00, 0x00, 0x00, 0x00, 0x00, 0x00, 0x00, 0x00, 0x00, 0x00, 0x00, 0x00, 0x00, 0x7F, 0x80, 0x00,
    0x00, 0x00, 0x00, 0x00, 0x00, 0x7F, 0x80, 0x00, 0x00, 0x00, 0x00, 0x00, 0x00, 0x00, 0x00, 0x00,
    0x00, 0x00, 0x00, 0x00, 0x00, 0x00, 0x00, 0x00, 0x00, 0x00, 0x00, 0x00, 0x00, 0x00, 0x00, 0x00,
    0x00, 0x00, 0x00, 0x00, 0x00, 0x00, 0x00, 0x40, 0x00, 0x30, 0x00, 0x0C, 0x00, 0x03, 0x00, 0x03,
    0x00, 0x0E, 0x00, 0x38, 0x00, 0x60, 0x00, 0x00, 0x00, 0x00, 0x00, 0x00, 0x00, 0x00, 0x00, 0x00,
    0x00, 0x00, 0x00, 0x00, 0x00, 0x00, 0x00, 0x00, 0x00, 0x00, 0x00, 0x00, 0x00, 0x00, 0x00, 0x1E,
    0x00, 0x33, 0x00, 0x61, 0x80, 0x61, 0x80, 0x01, 0x80, 0x03, 0x00, 0x03, 0x00, 0x06, 0x00, 0x04,
    0x00, 0x0C, 0x00, 0x00, 0x00, 0x0C, 0x00, 0x0C, 0x00, 0x00, 0x00, 0x00, 0x00, 0x00, 0x00, 0x00,
    0x00, 0x00, 0x00, 0x00, 0x00, 0x00, 0x00, 0x00, 0x00, 0x00, 0x00, 0x00, 0x00, 0x00, 0x00, 0x03,
    0xE0, 0x0C, 0x30, 0x10, 0x08, 0x23, 0xEC, 0x26, 0x64, 0x44, 0x24, 0x4C, 0x64, 0x4C, 0x64, 0x4C,
    0x44, 0x4C, 0xC8, 0x67, 0x70, 0x20, 0x00, 0x18, 0x30, 0x0F, 0xC0, 0x00, 0x00, 0x00, 0x00, 0x00,
    0x00, 0x00, 0x00, 0x00, 0x00, 0x00, 0x00, 0x00, 0x00, 0x00, 0x00, 0x06, 0x00, 0x0F, 0x00, 0x0F,
    0x00, 0x09, 0x00, 0x19, 0x80, 0x19, 0x80, 0x10, 0x80, 0x3F, 0xC0, 0x30, 0xC0, 0x20, 0x40, 0x60,
    0x60, 0x60, 0x60, 0x40, 0x20, 0x00, 0x00, 0x00, 0x00, 0x00, 0x00, 0x00, 0x00, 0x00, 0x00, 0x00,
    0x00, 0x00, 0x00, 0x00, 0x00, 0x00, 0x00, 0x00, 0x00, 0x3F, 0x80, 0x30, 0xE0, 0x30, 0x60, 0x30,
    0x60, 0x30, 0x60, 0x30, 0xC0, 0x3F, 0xC0, 0x30, 0xE0, 0x30, 0x60, 0x30, 0x60, 0x30, 0x60, 0x30,
    0xC0, 0x3F, 0x80, 0x00, 0x00, 0x00, 0x00, 0x00, 0x00, 0x00, 0x00, 0x00, 0x00, 0x00, 0x00, 0x00,
    0x00, 0x00, 0x00, 0x00, 0x00, 0x00, 0x00, 0x0F, 0xC0, 0x18, 0x60, 0x30, 0x30, 0x30, 0x30, 0x60,
    0x00, 0x60, 0x00, 0x60, 0x00, 0x60, 0x00, 0x60, 0x00, 0x70, 0x30, 0x30, 0x30, 0x18, 0x60, 0x0F,
    0xC0, 0x00, 0x00, 0x00, 0x00, 0x00, 0x00, 0x00, 0x00, 0x00, 0x00, 0x00, 0x00, 0x00, 0x00, 0x00,
    0x00, 0x00, 0x00, 0x00, 0x00, 0x3F, 0x80, 0x30, 0xC0, 0x30, 0x60, 0x30, 0x30, 0x30, 0x30, 0x30,
    0x30, 0x30, 0x30, 0x30, 0x30, 0x30, 0x30, 0x30, 0x20, 0x30, 0x60, 0x30, 0xC0, 0x3F, 0x80, 0x00,
    0x00, 0x00, 0x00, 0x00, 0x00, 0x00, 0x00, 0x00, 0x00, 0x00, 0x00, 0x00, 0x00, 0x00, 0x00, 0x00,
    0x00, 0x00, 0x00, 0x3F, 0xE0, 0x30, 0x00, 0x30, 0x00, 0x30, 0x00, 0x30, 0x00, 0x30, 0x00, 0x3F,
    0xC0, 0x30, 0x00, 0x30, 0x00, 0x30, 0x00, 0x30, 0x00, 0x30, 0x00, 0x3F, 0xE0, 0x00, 0x00, 0x00,
    0x00, 0x00, 0x00, 0x00, 0x00, 0x00, 0x00, 0x00, 0x00, 0x00, 0x00, 0x00, 0x00, 0x00, 0x00, 0x00,
    0x00, 0x3F, 0xE0, 0x30, 0x00, 0x30, 0x00, 0x30, 0x00, 0x30, 0x00, 0x30, 0x00, 0x3F, 0xC0, 0x30,
    0x00, 0x30, 0x00, 0x30, 0x00, 0x30, 0x00, 0x30, 0x00, 0x30, 0x00, 0x00, 0x00, 0x00, 0x00, 0x00,
    0x00, 0x00, 0x00, 0x00, 0x00, 0x00, 0x00, 0x00, 0x00, 0x00, 0x00, 0x00, 0x00, 0x00, 0x00, 0x0F,
    0xC0, 0x18, 0xE0, 0x30, 0x70, 0x30, 0x30, 0x60, 0x00, 0x60, 0x00, 0x60, 0x00, 0x61, 0xF0, 0x60,
    0x30, 0x70, 0x30, 0x30, 0x70, 0x18, 0xF0, 0x0F, 0xB0, 0x00, 0x00, 0x00, 0x00, 0x00, 0x00, 0x00,
    0x00, 0x00, 0x00, 0x00, 0x00, 0x00, 0x00, 0x00, 0x00, 0x00, 0x00, 0x00, 0x00, 0x30, 0x30, 0x30,
    0x30, 0x30, 0x30, 0x30, 0x30, 0x30, 0x30, 0x30, 0x30, 0x3F, 0xF0, 0x30, 0x30, 0x30, 0x30, 0x30,
    0x30, 0x30, 0x30, 0x30, 0x30, 0x30, 0x30, 0x00, 0x00, 0x00, 0x00, 0x00, 0x00, 0x00, 0x00, 0x00,
    0x00, 0x00, 0x00, 0x00, 0x00, 0x00, 0x30, 0x30, 0x30, 0x30, 0x30, 0x30, 0x30, 0x30, 0x30, 0x30,
    0x30, 0x30, 0x30, 0x00, 0x00, 0x00, 0x00, 0x00, 0x00, 0x00, 0x00, 0x00, 0x00, 0x00, 0x00, 0x00,
    0x00, 0x00, 0x01, 0x80, 0x01, 0x80, 0x01, 0x80, 0x01, 0x80, 0x01, 0x80, 0x01, 0x80, 0x01, 0x80,
    0x01, 0x80, 0x01, 0x80, 0x61, 0x80, 0x61, 0x80, 0x33, 0x00, 0x1E, 0x00, 0x00, 0x00, 0x00, 0x00,
    0x00, 0x00, 0x00, 0x00, 0x00, 0x00, 0x00, 0x00, 0x00, 0x00, 0x00, 0x00, 0x00, 0x00, 0x00, 0x00,
    0x30, 0x30, 0x30, 0x60, 0x30, 0xC0, 0x31, 0x80, 0x33, 0x00, 0x36, 0x00, 0x3C, 0x00, 0x3E, 0x00,
    0x33, 0x00, 0x31, 0x80, 0x30, 0xC0, 0x30, 0xC0, 0x30, 0x60, 0x00, 0x00, 0x00, 0x00, 0x00, 0x00,
    0x00, 0x00, 0x00, 0x00, 0x00, 0x00, 0x00, 0x00, 0x00, 0x00, 0x00, 0x00, 0x00, 0x00, 0x30, 0x00,
    0x30, 0x00, 0x30, 0x00, 0x30, 0x00, 0x30, 0x00, 0x30, 0x00, 0x30, 0x00, 0x30, 0x00, 0x30, 0x00,
    0x30, 0x00, 0x30, 0x00, 0x30, 0x00, 0x3F, 0xE0, 0x00, 0x00, 0x00, 0x00, 0x00, 0x00, 0x00, 0x00,
    0x00, 0x00, 0x00, 0x00, 0x00, 0x00, 0x00, 0x00, 0x00, 0x00, 0x00, 0x00, 0x38, 0x0E, 0x38, 0x0E,
    0x3C, 0x1E, 0x34, 0x16, 0x34, 0x16, 0x36, 0x36, 0x36, 0x26, 0x32, 0x26, 0x33, 0x66, 0x33, 0x66,
    0x31, 0x46, 0x31, 0x46, 0x31, 0xC6, 0x00, 0x00, 0x00, 0x00, 0x00, 0x00, 0x00, 0x00, 0x00, 0x00,
    0x00, 0x00, 0x00, 0x00, 0x00, 0x00, 0x00, 0x00, 0x00, 0x00, 0x38, 0x30, 0x38, 0x30, 0x3C, 0x30,
    0x34, 0x30, 0x36, 0x30, 0x32, 0x30, 0x33, 0x30, 0x31, 0x30, 0x31, 0xB0, 0x30, 0xB0, 0x30, 0xF0,
    0x30, 0x70, 0x30, 0x70, 0x00, 0x00, 0x00, 0x00, 0x00, 0x00, 0x00, 0x00, 0x00, 0x00, 0x00, 0x00,
    0x00, 0x00, 0x00, 0x00, 0x00, 0x00, 0x00, 0x00, 0x0F, 0xC0, 0x18, 0x60, 0x30, 0x30, 0x20, 0x30,
    0x60, 0x18, 0x60, 0x18, 0x60, 0x18, 0x60, 0x18, 0x60, 0x18, 0x70, 0x30, 0x30, 0x30, 0x18, 0x60,
    0x0F, 0xC0, 0x00, 0x00, 0x00, 0x00, 0x00, 0x00, 0x00, 0x00, 0x00, 0x00, 0x00, 0x00, 0x00, 0x00,
    0x00, 0x00, 0x00, 0x00, 0x00, 0x00, 0x3F, 0x80, 0x30, 0xC0, 0x30, 0x60, 0x30, 0x60, 0x30, 0x60,
    0x30, 0x60, 0x30, 0xC0, 0x3F, 0x80, 0x30, 0x00, 0x30, 0x00, 0x30, 0x00, 0x30, 0x00, 0x30, 0x00,
    0x00, 0x00, 0x00, 0x00, 0x00, 0x00, 0x00, 0x00, 0x00, 0x00, 0x00, 0x00, 0x00, 0x00, 0x00, 0x00,
    0x00, 0x00, 0x00, 0x00, 0x0F, 0xC0, 0x18, 0x60, 0x30, 0x30, 0x20, 0x30, 0x60, 0x18, 0x60, 0x18,
    0x60, 0x18, 0x60, 0x18, 0x60, 0x18, 0x70, 0x30, 0x30, 0x30, 0x18, 0x60, 0x0F, 0xF8, 0x00, 0x00,
    0x00, 0x00, 0x00, 0x00, 0x00, 0x00, 0x00, 0x00, 0x00, 0x00, 0x00, 0x00, 0x00, 0x00, 0x00, 0x00,
    0x00, 0x00, 0x3F, 0x80, 0x30, 0xC0, 0x30, 0x60, 0x30, 0x60, 0x30, 0x60, 0x30, 0xC0, 0x3F, 0x80,
    0x30, 0xC0, 0x30, 0xC0, 0x30, 0x40, 0x30, 0x40, 0x30, 0x60, 0x30, 0x60, 0x00, 0x00, 0x00, 0x00,
    0x00, 0x00, 0x00, 0x00, 0x00, 0x00, 0x00, 0x00, 0x00, 0x00, 0x00, 0x00, 0x00, 0x00, 0x00, 0x00,
    0x0F, 0x80, 0x18, 0xC0, 0x30, 0x60, 0x30, 0x60, 0x38, 0x00, 0x1E, 0x00, 0x0F, 0xC0, 0x01, 0xE0,
    0x00, 0x60, 0x60, 0x60, 0x30, 0x60, 0x38, 0xC0, 0x0F, 0x80, 0x00, 0x00, 0x00, 0x00, 0x00, 0x00,
    0x00, 0x00, 0x00, 0x00, 0x00, 0x00, 0x00, 0x00, 0x00, 0x00, 0x00, 0x00, 0x00, 0x00, 0x7F, 0xE0,
    0x06, 0x00, 0x06, 0x00, 0x06, 0x00, 0x06, 0x00, 0x06, 0x00, 0x06, 0x00, 0x06, 0x00, 0x06, 0x00,
    0x06, 0x00, 0x06, 0x00, 0x06, 0x00, 0x06, 0x00, 0x00, 0x00, 0x00, 0x00, 0x00, 0x00, 0x00, 0x00,
    0x00, 0x00, 0x00, 0x00, 0x00, 0x00, 0x00, 0x00, 0x00, 0x00, 0x00, 0x00, 0x30, 0x30, 0x30, 0x30,
    0x30, 0x30, 0x30, 0x30, 0x30, 0x30, 0x30, 0x30, 0x30, 0x30, 0x30, 0x30, 0x30, 0x30, 0x30, 0x30,
    0x30, 0x30, 0x18, 0x60, 0x0F, 0xC0, 0x00, 0x00, 0x00, 0x00, 0x00, 0x00, 0x00, 0x00, 0x00, 0x00,
    0x00, 0x00, 0x00, 0x00, 0x00, 0x00, 0x00, 0x00, 0x00, 0x00, 0x40, 0x20, 0x60, 0x60, 0x60, 0x60,
    0x20, 0x40, 0x30, 0xC0, 0x30, 0xC0, 0x10, 0x80, 0x19, 0x80, 0x19, 0x80, 0x09, 0x00, 0x0F, 0x00,
    0x0E, 0x00, 0x06, 0x00, 0x00, 0x00, 0x00, 0x00, 0x00, 0x00, 0x00, 0x00, 0x00, 0x00, 0x00, 0x00,
    0x00, 0x00, 0x00, 0x00, 0x00, 0x00, 0x00, 0x00, 0x00, 0x00, 0x00, 0x00, 0x00, 0x40, 0xC1, 0x80,
    0x61, 0xC1, 0x80, 0x61, 0xC1, 0x00, 0x61, 0x61, 0x00, 0x21, 0x63, 0x00, 0x23, 0x23, 0x00, 0x33,
    0x22, 0x00, 0x32, 0x32, 0x00, 0x12, 0x36, 0x00, 0x16, 0x14, 0x00, 0x1C, 0x14, 0x00, 0x1C, 0x1C,
    0x00, 0x0C, 0x1C, 0x00, 0x00, 0x00, 0x00, 0x00, 0x00, 0x00, 0x00, 0x00, 0x00, 0x00, 0x00, 0x00,
    0x00, 0x00, 0x00, 0x00, 0x00, 0x00, 0x00, 0x00, 0x00, 0x00, 0x00, 0x00, 0x00, 0x60, 0x60, 0x20,
    0xC0, 0x30, 0x80, 0x19, 0x80, 0x0B, 0x00, 0x0E, 0x00, 0x06, 0x00, 0x0E, 0x00, 0x1B, 0x00, 0x11,
    0x80, 0x30, 0xC0, 0x60, 0xC0, 0x60, 0x60, 0x00, 0x00, 0x00, 0x00, 0x00, 0x00, 0x00, 0x00, 0x00,
    0x00, 0x00, 0x00, 0x00, 0x00, 0x00, 0x00, 0x00, 0x00, 0x00, 0x00, 0x60, 0x60, 0x60, 0x60, 0x30,
    0xC0, 0x10, 0x80, 0x19, 0x80, 0x0D, 0x00, 0x0F, 0x00, 0x06, 0x00, 0x06, 0x00, 0x06, 0x00, 0x06,
    0x00, 0x06, 0x00, 0x06, 0x00, 0x00, 0x00, 0x00, 0x00, 0x00, 0x00, 0x00, 0x00, 0x00, 0x00, 0x00,
    0x00, 0x00, 0x00, 0x00, 0x00, 0x00, 0x00, 0x00, 0x00, 0x7F, 0xC0, 0x00, 0xC0, 0x01, 0x80, 0x03,
    0x00, 0x03, 0x00, 0x06, 0x00, 0x04, 0x00, 0x08, 0x00, 0x18, 0x00, 0x10, 0x00, 0x20, 0x00, 0x60,
    0x00, 0x7F, 0xC0, 0x00, 0x00, 0x00, 0x00, 0x00, 0x00, 0x00, 0x00, 0x00, 0x00, 0x00, 0x00, 0x00,
    0x38, 0x20, 0x20, 0x20, 0x20, 0x20, 0x20, 0x20, 0x20, 0x20, 0x20, 0x20, 0x20, 0x20, 0x20, 0x38,
    0x00, 0x00, 0x00, 0x00, 0x00, 0x00, 0x00, 0x00, 0x00, 0x80, 0xC0, 0x40, 0x40, 0x40, 0x20, 0x20,
    0x20, 0x10, 0x10, 0x10, 0x08, 0x08, 0x08, 0x00, 0x00, 0x00, 0x00, 0x00, 0x00, 0x00, 0xE0, 0x20,
    0x20, 0x20, 0x20, 0x20, 0x20, 0x20, 0x20, 0x20, 0x20, 0x20, 0x20, 0x20, 0x20, 0xE0, 0x00, 0x00,
    0x00, 0x00, 0x00, 0x00, 0x00, 0x00, 0x00, 0x00, 0x00, 0x00, 0x00, 0x00, 0x00, 0x00, 0x04, 0x00,
    0x0C, 0x00, 0x0A, 0x00, 0x12, 0x00, 0x13, 0x00, 0x31, 0x00, 0x21, 0x00, 0x20, 0x80, 0x00, 0x00,
    0x00, 0x00, 0x00, 0x00, 0x00, 0x00, 0x00, 0x00, 0x00, 0x00, 0x00, 0x00, 0x00, 0x00, 0x00, 0x00,
    0x00, 0x00, 0x00, 0x00, 0x00, 0x00, 0x00, 0x00, 0x00, 0x00, 0x00, 0x00, 0x00, 0x00, 0x00, 0x00,
    0x00, 0x00, 0x00, 0x00, 0x00, 0x00, 0x00, 0x00, 0x00, 0x00, 0x00, 0x00, 0x00, 0x00, 0x00, 0x00,
    0x00, 0x00, 0x00, 0x00, 0x00, 0x00, 0x7F, 0x00, 0x00, 0x00, 0x00, 0x00, 0x00, 0x00, 0x00, 0x00,
    0x00, 0x00, 0x00, 0x40, 0x20, 0x00, 0x00, 0x00, 0x00, 0x00, 0x00, 0x00, 0x00, 0x00, 0x00, 0x00,
    0x00, 0x00, 0x00, 0x00, 0x00, 0x00, 0x00, 0x00, 0x00, 0x00, 0x00, 0x00, 0x00, 0x00, 0x00, 0x00,
    0x00, 0x00, 0x00, 0x00, 0x00, 0x1F, 0x00, 0x31, 0x80, 0x21, 0x80, 0x01, 0x80, 0x1F, 0x80, 0x31,
    0x80, 0x61, 0x80, 0x61, 0x80, 0x63, 0x80, 0x3D, 0x80, 0x00, 0x00, 0x00, 0x00, 0x00, 0x00, 0x00,
    0x00, 0x00, 0x00, 0x00, 0x00, 0x00, 0x00, 0x00, 0x00, 0x00, 0x00, 0x00, 0x00, 0x60, 0x00, 0x60,
    0x00, 0x60, 0x00, 0x6F, 0x00, 0x71, 0x80, 0x60, 0xC0, 0x60, 0xC0, 0x60, 0xC0, 0x60, 0xC0, 0x60,
    0xC0, 0x60, 0xC0, 0x71, 0x80, 0x6F, 0x00, 0x00, 0x00, 0x00, 0x00, 0x00, 0x00, 0x00, 0x00, 0x00,
    0x00, 0x00, 0x00, 0x00, 0x00, 0x00, 0x00, 0x00, 0x00, 0x00, 0x00, 0x00, 0x00, 0x00, 0x00, 0x00,
    0x00, 0x1F, 0x00, 0x31, 0x80, 0x20, 0xC0, 0x60, 0x00, 0x60, 0x00, 0x60, 0x00, 0x60, 0x00, 0x60,
    0xC0, 0x31, 0x80, 0x1F, 0x00, 0x00, 0x00, 0x00, 0x00, 0x00, 0x00, 0x00, 0x00, 0x00, 0x00, 0x00,
    0x00, 0x00, 0x00, 0x00, 0x00, 0x00, 0x00, 0x00, 0x00, 0x00, 0xC0, 0x00, 0xC0, 0x00, 0xC0, 0x1E,
    0xC0, 0x31, 0xC0, 0x60, 0xC0, 0x60, 0xC0, 0x60, 0xC0, 0x60, 0xC0, 0x60, 0xC0, 0x60, 0xC0, 0x31,
    0xC0, 0x1E, 0xC0, 0x00, 0x00, 0x00, 0x00, 0x00, 0x00, 0x00, 0x00, 0x00, 0x00, 0x00, 0x00, 0x00,
    0x00, 0x00, 0x00, 0x00, 0x00, 0x00, 0x00, 0x00, 0x00, 0x00, 0x00, 0x00, 0x00, 0x1F, 0x00, 0x31,
    0x80, 0x20, 0x80, 0x60, 0x80, 0x7F, 0x80, 0x60, 0x00, 0x60, 0x80, 0x60, 0x80, 0x31, 0x80, 0x1E,
    0x00, 0x00, 0x00, 0x00, 0x00, 0x00, 0x00, 0x00, 0x00, 0x00, 0x00, 0x00, 0x00, 0x00, 0x00, 0x1C,
    0x30, 0x30, 0x30, 0x7C, 0x30, 0x30, 0x30, 0x30, 0x30, 0x30, 0x30, 0x30, 0x30, 0x00, 0x00, 0x00,
    0x00, 0x00, 0x00, 0x00, 0x00, 0x00, 0x00, 0x00, 0x00, 0x00, 0x00, 0x00, 0x00, 0x00, 0x00, 0x00,
    0x00, 0x00, 0x1E, 0xC0, 0x31, 0xC0, 0x60, 0xC0, 0x60, 0xC0, 0x60, 0xC0, 0x60, 0xC0, 0x60, 0xC0,
    0x60, 0xC0, 0x31, 0xC0, 0x1E, 0xC0, 0x60, 0xC0, 0x20, 0xC0, 0x31, 0x80, 0x1F, 0x00, 0x00, 0x00,
    0x00, 0x00, 0x00, 0x00, 0x00, 0x00, 0x00, 0x00, 0x00, 0x00, 0x60, 0x00, 0x60, 0x00, 0x60, 0x00,
    0x6F, 0x00, 0x73, 0x80, 0x61, 0x80, 0x61, 0x80, 0x61, 0x80, 0x61, 0x80, 0x61, 0x80, 0x61, 0x80,
    0x61, 0x80, 0x61, 0x80, 0x00, 0x00, 0x00, 0x00, 0x00, 0x00, 0x00, 0x00, 0x00, 0x00, 0x00, 0x00,
    0x00, 0x00, 0x00, 0x60, 0x60, 0x00, 0x60, 0x60, 0x60, 0x60, 0x60, 0x60, 0x60, 0x60, 0x60, 0x60,
    0x00, 0x00, 0x00, 0x00, 0x00, 0x00, 0x00, 0x00, 0x00, 0x00, 0x30, 0x30, 0x00, 0x30, 0x30, 0x30,
    0x30, 0x30, 0x30, 0x30, 0x30, 0x30, 0x30, 0x30, 0x30, 0x30, 0xE0, 0x00, 0x00, 0x00, 0x00, 0x00,
    0x00, 0x00, 0x00, 0x00, 0x00, 0x00, 0x60, 0x00, 0x60, 0x00, 0x60, 0x00, 0x61, 0x80, 0x63, 0x00,
    0x66, 0x00, 0x6C, 0x00, 0x78, 0x00, 0x7C, 0x00, 0x6E, 0x00, 0x66, 0x00, 0x63, 0x00, 0x61, 0x80,
    0x00, 0x00, 0x00, 0x00, 0x00, 0x00, 0x00, 0x00, 0x00, 0x00, 0x00, 0x00, 0x00, 0x00, 0x00, 0x60,
    0x60, 0x60, 0x60, 0x60, 0x60, 0x60, 0x60, 0x60, 0x60, 0x60, 0x60, 0x70, 0x00, 0x00, 0x00, 0x00,
    0x00, 0x00, 0x00, 0x00, 0x00, 0x00, 0x00, 0x00, 0x00, 0x00, 0x00, 0x00, 0x00, 0x00, 0x00, 0x00,
    0x00, 0x6E, 0xF0, 0x73, 0x98, 0x63, 0x18, 0x63, 0x18, 0x63, 0x18, 0x63, 0x18, 0x63, 0x18, 0x63,
    0x18, 0x63, 0x18, 0x63, 0x18, 0x00, 0x00, 0x00, 0x00, 0x00, 0x00, 0x00, 0x00, 0x00, 0x00, 0x00,
    0x00, 0x00, 0x00, 0x00, 0x00, 0x00, 0x00, 0x00, 0x00, 0x00, 0x00, 0x00, 0x00, 0x00, 0x00, 0x6F,
    0x00, 0x73, 0x80, 0x61, 0x80, 0x61, 0x80, 0x61, 0x80, 0x61, 0x80, 0x61, 0x80, 0x61, 0x80, 0x61,
    0x80, 0x61, 0x80, 0x00, 0x00, 0x00, 0x00, 0x00, 0x00, 0x00, 0x00, 0x00, 0x00, 0x00, 0x00, 0x00,
    0x00, 0x00, 0x00, 0x00, 0x00, 0x00, 0x00, 0x00, 0x00, 0x00, 0x00, 0x00, 0x00, 0x0F, 0x80, 0x30,
    0xC0, 0x30, 0xC0, 0x60, 0x60, 0x60, 0x60, 0x60, 0x60, 0x60, 0x60, 0x30, 0xC0, 0x30, 0xC0, 0x1F,
    0x00, 0x00, 0x00, 0x00, 0x00, 0x00, 0x00, 0x00, 0x00, 0x00, 0x00, 0x00, 0x00, 0x00, 0x00, 0x00,
    0x00, 0x00, 0x00, 0x00, 0x00, 0x00, 0x00, 0x00, 0x00, 0x00, 0x00, 0x6F, 0x00, 0x71, 0x80, 0x60,
    0xC0, 0x60, 0xC0, 0x60, 0xC0, 0x60, 0xC0, 0x60, 0xC0, 0x60, 0xC0, 0x71, 0x80, 0x6F, 0x00, 0x60,
    0x00, 0x60, 0x00, 0x60, 0x00, 0x60, 0x00, 0x00, 0x00, 0x00, 0x00, 0x00, 0x00, 0x00, 0x00, 0x00,
    0x00, 0x00, 0x00, 0x00, 0x00, 0x00, 0x00, 0x00, 0x00, 0x1E, 0xC0, 0x31, 0xC0, 0x60, 0xC0, 0x60,
    0xC0, 0x60, 0xC0, 0x60, 0xC0, 0x60, 0xC0, 0x60, 0xC0, 0x31, 0xC0, 0x1E, 0xC0, 0x00, 0xC0, 0x00,
    0xC0, 0x00, 0xC0, 0x00, 0xC0, 0x00, 0x00, 0x00, 0x00, 0x00, 0x00, 0x00, 0x00, 0x00, 0x00, 0x6C,
    0x70, 0x60, 0x60, 0x60, 0x60, 0x60, 0x60, 0x60, 0x60, 0x00, 0x00, 0x00, 0x00, 0x00, 0x00, 0x00,
    0x00, 0x00, 0x00, 0x00, 0x00, 0x00, 0x00, 0x00, 0x00, 0x00, 0x00, 0x00, 0x00, 0x00, 0x3C, 0x00,
    0x66, 0x00, 0x63, 0x00, 0x70, 0x00, 0x3C, 0x00, 0x1E, 0x00, 0x03, 0x00, 0x63, 0x00, 0x63, 0x00,
    0x3E, 0x00, 0x00, 0x00, 0x00, 0x00, 0x00, 0x00, 0x00, 0x00, 0x00, 0x00, 0x00, 0x00, 0x00, 0x00,
    0x00, 0x00, 0x30, 0x30, 0x7C, 0x30, 0x30, 0x30, 0x30, 0x30, 0x30, 0x30, 0x30, 0x1C, 0x00, 0x00,
    0x00, 0x00, 0x00, 0x00, 0x00, 0x00, 0x00, 0x00, 0x00, 0x00, 0x00, 0x00, 0x00, 0x00, 0x00, 0x00,
    0x00, 0x00, 0x00, 0x61, 0x80, 0x61, 0x80, 0x61, 0x80, 0x61, 0x80, 0x61, 0x80, 0x61, 0x80, 0x61,
    0x80, 0x61, 0x80, 0x73, 0x80, 0x3D, 0x80, 0x00, 0x00, 0x00, 0x00, 0x00, 0x00, 0x00, 0x00, 0x00,
    0x00, 0x00, 0x00, 0x00, 0x00, 0x00, 0x00, 0x00, 0x00, 0x00, 0x00, 0x00, 0x00, 0x00, 0x00, 0x00,
    0x00, 0xC1, 0x80, 0x41, 0x80, 0x61, 0x00, 0x63, 0x00, 0x23, 0x00, 0x32, 0x00, 0x36, 0x00, 0x14,
    0x00, 0x1C, 0x00, 0x1C, 0x00, 0x00, 0x00, 0x00, 0x00, 0x00, 0x00, 0x00, 0x00, 0x00, 0x00, 0x00,
    0x00, 0x00, 0x00, 0x00, 0x00, 0x00, 0x00, 0x00, 0x00, 0x00, 0x00, 0x00, 0x00, 0x00, 0x00, 0xC3,
    0x0C, 0xC3, 0x0C, 0x47, 0x88, 0x67, 0x98, 0x64, 0x98, 0x24, 0x90, 0x3C, 0xD0, 0x3C, 0x70, 0x18,
    0x60, 0x18, 0x60, 0x00, 0x00, 0x00, 0x00, 0x00, 0x00, 0x00, 0x00, 0x00, 0x00, 0x00, 0x00, 0x00,
    0x00, 0x00, 0x00, 0x00, 0x00, 0x00, 0x00, 0x00, 0x00, 0x00, 0x00, 0x00, 0x00, 0xC3, 0x00, 0x62,
    0x00, 0x26, 0x00, 0x3C, 0x00, 0x18, 0x00, 0x18, 0x00, 0x3C, 0x00, 0x26, 0x00, 0x62, 0x00, 0xC3,
    0x00, 0x00, 0x00, 0x00, 0x00, 0x00, 0x00, 0x00, 0x00, 0x00, 0x00, 0x00, 0x00, 0x00, 0x00, 0x00,
    0x00, 0x00, 0x00, 0x00, 0x00, 0x00, 0x00, 0x00, 0x00, 0x00, 0x00, 0xC1, 0x80, 0xC1, 0x80, 0x41,
    0x00, 0x63, 0x00, 0x22, 0x00, 0x22, 0x00, 0x36, 0x00, 0x14, 0x00, 0x14, 0x00, 0x1C, 0x00, 0x08,
    0x00, 0x18, 0x00, 0x10, 0x00, 0x60, 0x00, 0x00, 0x00, 0x00, 0x00, 0x00, 0x00, 0x00, 0x00, 0x00,
    0x00, 0x00, 0x00, 0x00, 0x00, 0x00, 0x00, 0x00, 0x00, 0x7F, 0x00, 0x03, 0x00, 0x06, 0x00, 0x04,
    0x00, 0x0C, 0x00, 0x18, 0x00, 0x10, 0x00, 0x20, 0x00, 0x60, 0x00, 0x7F, 0x00, 0x00, 0x00, 0x00,
    0x00, 0x00, 0x00, 0x00, 0x00, 0x00, 0x00, 0x00, 0x00, 0x00, 0x30, 0x20, 0x20, 0x20, 0x20, 0x20,
    0x20, 0x60, 0x60, 0x20, 0x20, 0x20, 0x20, 0x20, 0x20, 0x30, 0x00, 0x00, 0x00, 0x00, 0x00, 0x00,
    0x00, 0x20, 0x20, 0x20, 0x20, 0x20, 0x20, 0x20, 0x20, 0x20, 0x20, 0x20, 0x20, 0x20, 0x20, 0x20,
    0x20, 0x20, 0x20, 0x20, 0x00, 0x00, 0x00, 0x00, 0x60, 0x20, 0x20, 0x20, 0x20, 0x20, 0x20, 0x38,
    0x38, 0x20, 0x20, 0x20, 0x20, 0x20, 0x20, 0x60, 0x00, 0x00, 0x00, 0x00, 0x00, 0x00, 0x00, 0x00,
    0x00, 0x00, 0x00, 0x00, 0x00, 0x00, 0x00, 0x00, 0x00, 0x00, 0x00, 0x00, 0x00, 0x00, 0x00, 0x00,
    0x00, 0x00, 0x00, 0x00, 0x38, 0x80, 0x47, 0x00, 0x00, 0x00, 0x00, 0x00, 0x00, 0x00, 0x00, 0x00,
    0x00, 0x00, 0x00, 0x00, 0x00, 0x00, 0x00, 0x00, 0x00, 0x00, 0x00, 0x00, 0x00, 0x00, 0x00, 0x00,
    0x10, 0x00, 0x08, 0x00, 0x04, 0x00, 0x02, 0x00, 0x00, 0x00, 0x1F, 0x00, 0x31, 0x80, 0x21, 0x80,
    0x01, 0x80, 0x1F, 0x80, 0x31, 0x80, 0x61, 0x80, 0x61, 0x80, 0x63, 0x80, 0x3D, 0x80, 0x00, 0x00,
    0x00, 0x00, 0x00, 0x00, 0x00, 0x00, 0x00, 0x00, 0x00, 0x00, 0x00, 0x00, 0x00, 0x00, 0x08, 0x00,
    0x14, 0x00, 0x22, 0x00, 0x41, 0x00, 0x00, 0x00, 0x1F, 0x00, 0x31, 0x80, 0x21, 0x80, 0x01, 0x80,
    0x1F, 0x80, 0x31, 0x80, 0x61, 0x80, 0x61, 0x80, 0x63, 0x80, 0x3D, 0x80, 0x00, 0x00, 0x00, 0x00,
    0x00, 0x00, 0x00, 0x00, 0x00, 0x00, 0x00, 0x00, 0x00, 0x00, 0x00, 0x00, 0x00, 0x00, 0x00, 0x00,
    0x00, 0x00, 0x00, 0x00, 0x00, 0x00, 0x1F, 0x00, 0x31, 0x80, 0x20, 0xC0, 0x60, 0x00, 0x60, 0x00,
    0x60, 0x00, 0x60, 0x00, 0x60, 0xC0, 0x31, 0x80, 0x1F, 0x00, 0x02, 0x00, 0x06, 0x00, 0x06, 0x00,
    0x00, 0x00, 0x00, 0x00, 0x00, 0x00, 0x00, 0x00, 0x00, 0x00, 0x02, 0x00, 0x04, 0x00, 0x08, 0x00,
    0x10, 0x00, 0x00, 0x00, 0x1F, 0x00, 0x31, 0x80, 0x20, 0x80, 0x60, 0x80, 0x7F, 0x80, 0x60, 0x00,
    0x60, 0x80, 0x60, 0x80, 0x31, 0x80, 0x1E, 0x00, 0x00, 0x00, 0x00, 0x00, 0x00, 0x00, 0x00, 0x00,
    0x00, 0x00, 0x00, 0x00, 0x00, 0x00, 0x00, 0x00, 0x10, 0x00, 0x08, 0x00, 0x04, 0x00, 0x02, 0x00,
    0x00, 0x00, 0x1F, 0x00, 0x31, 0x80, 0x20, 0x80, 0x60, 0x80, 0x7F, 0x80, 0x60, 0x00, 0x60, 0x80,
    0x60, 0x80, 0x31, 0x80, 0x1E, 0x00, 0x00, 0x00, 0x00, 0x00, 0x00, 0x00, 0x00, 0x00, 0x00, 0x00,
    0x00, 0x00, 0x00, 0x00, 0x00, 0x00, 0x08, 0x00, 0x14, 0x00, 0x22, 0x00, 0x41, 0x00, 0x00, 0x00,
    0x1F, 0x00, 0x31, 0x80, 0x20, 0x80, 0x60, 0x80, 0x7F, 0x80, 0x60, 0x00, 0x60, 0x80, 0x60, 0x80,
    0x31, 0x80, 0x1E, 0x00, 0x00, 0x00, 0x00, 0x00, 0x00, 0x00, 0x00, 0x00, 0x00, 0x00, 0x00, 0x00,
    0x00, 0x00, 0x00, 0x00, 0x00, 0x00, 0x00, 0x00, 0x61, 0x80, 0x61, 0x80, 0x00, 0x00, 0x1F, 0x00,
    0x31, 0x80, 0x20, 0x80, 0x60, 0x80, 0x7F, 0x80, 0x60, 0x00, 0x60, 0x80, 0x60, 0x80, 0x31, 0x80,
    0x1E, 0x00, 0x00, 0x00, 0x00, 0x00, 0x00, 0x00, 0x00, 0x00, 0x00, 0x00, 0x00, 0x00, 0x00, 0x20,
    0x50, 0x88, 0x04, 0x00, 0x30, 0x30, 0x30, 0x30, 0x30, 0x30, 0x30, 0x30, 0x30, 0x30, 0x00, 0x00,
    0x00, 0x00, 0x00, 0x00, 0x00, 0x00, 0x00, 0x00, 0xC3, 0xC3, 0x00, 0x18, 0x18, 0x18, 0x18, 0x18,
    0x18, 0x18, 0x18, 0x18, 0x18, 0x00, 0x00, 0x00, 0x00, 0x00, 0x00, 0x00, 0x00, 0x00, 0x00, 0x00,
    0x04, 0x00, 0x0A, 0x00, 0x11, 0x00, 0x20, 0x80, 0x00, 0x00, 0x0F, 0x80, 0x30, 0xC0, 0x30, 0xC0,
    0x60, 0x60, 0x60, 0x60, 0x60, 0x60, 0x60, 0x60, 0x30, 0xC0, 0x30, 0xC0, 0x1F, 0x00, 0x00, 0x00,
    0x00, 0x00, 0x00, 0x00, 0x00, 0x00, 0x00, 0x00, 0x00, 0x00, 0x00, 0x00, 0x00, 0x00, 0x10, 0x00,
    0x08, 0x00, 0x04, 0x00, 0x02, 0x00, 0x00, 0x00, 0x61, 0x80, 0x61, 0x80, 0x61, 0x80, 0x61, 0x80,
    0x61, 0x80, 0x61, 0x80, 0x61, 0x80, 0x61, 0x80, 0x73, 0x80, 0x3D, 0x80, 0x00, 0x00, 0x00, 0x00,
    0x00, 0x00, 0x00, 0x00, 0x00, 0x00, 0x00, 0x00, 0x00, 0x00, 0x00, 0x00, 0x08, 0x00, 0x14, 0x00,
    0x22, 0x00, 0x41, 0x00, 0x00, 0x00, 0x61, 0x80, 0x61, 0x80, 0x61, 0x80, 0x61, 0x80, 0x61, 0x80,
    0x61, 0x80, 0x61, 0x80, 0x61, 0x80, 0x73, 0x80, 0x3D, 0x80, 0x00, 0x00, 0x00, 0x00, 0x00, 0x00,
    0x00, 0x00, 0x00, 0x00, 0x00, 0x00, 0x00, 0x00, 0x00, 0x00, 0x00, 0x00, 0x00, 0x00, 0x61, 0x80,
    0x61, 0x80, 0x00, 0x00, 0x61, 0x80, 0x61, 0x80, 0x61, 0x80, 0x61, 0x80, 0x61, 0x80, 0x61, 0x80,
    0x61, 0x80, 0x61, 0x80, 0x73, 0x80, 0x3D, 0x80, 0x00, 0x00, 0x00, 0x00, 0x00, 0x00, 0x00, 0x00,
    0x00, 0x00, 0x08, 0x00, 0x04, 0x00, 0x02, 0x00, 0x01, 0x00, 0x00, 0x00, 0x06, 0x00, 0x0F, 0x00,
    0x0F, 0x00, 0x09, 0x00, 0x19, 0x80, 0x19, 0x80, 0x10, 0x80, 0x3F, 0xC0, 0x30, 0xC0, 0x20, 0x40,
    0x60, 0x60, 0x60, 0x60, 0x40, 0x20, 0x00, 0x00, 0x00, 0x00, 0x00, 0x00, 0x00, 0x00, 0x00, 0x00,
    0x01, 0x00, 0x02, 0x00, 0x04, 0x00, 0x08, 0x00, 0x00, 0x00, 0x3F, 0xE0, 0x30, 0x00, 0x30, 0x00,
    0x30, 0x00, 0x30, 0x00, 0x30, 0x00, 0x3F, 0xC0, 0x30, 0x00, 0x30, 0x00, 0x30, 0x00, 0x30, 0x00,
    0x30, 0x00, 0x3F, 0xE0, 0x00, 0x00, 0x00, 0x00, 0x00, 0x00, 0x00, 0x00, 0x00, 0x00, 0x08, 0x00,
    0x04, 0x00, 0x02, 0x00, 0x01, 0x00, 0x00, 0x00, 0x3F, 0xE0, 0x30, 0x00, 0x30, 0x00, 0x30, 0x00,
    0x30, 0x00, 0x30, 0x00, 0x3F, 0xC0, 0x30, 0x00, 0x30, 0x00, 0x30, 0x00, 0x30, 0x00, 0x30, 0x00,
    0x3F, 0xE0, 0x00, 0x00, 0x00, 0x00, 0x00, 0x00, 0x00, 0x00, 0x00, 0x00, 0x02, 0x00, 0x05, 0x00,
    0x08, 0x80, 0x10, 0x40, 0x00, 0x00, 0x3F, 0xE0, 0x30, 0x00, 0x30, 0x00, 0x30, 0x00, 0x30, 0x00,
    0x30, 0x00, 0x3F, 0xC0, 0x30, 0x00, 0x30, 0x00, 0x30, 0x00, 0x30, 0x00, 0x30, 0x00, 0x3F, 0xE0,
    0x00, 0x00, 0x00, 0x00, 0x00, 0x00, 0x00, 0x00, 0x00, 0x00, 0x00, 0x00, 0x00, 0x00, 0x00, 0x00,
    0x00, 0x00, 0x00, 0x00, 0x0F, 0xC0, 0x18, 0x60, 0x30, 0x30, 0x30, 0x30, 0x60, 0x00, 0x60, 0x00,
    0x60, 0x00, 0x60, 0x00, 0x60, 0x00, 0x70, 0x30, 0x30, 0x30, 0x18, 0x60, 0x0F, 0xC0, 0x01, 0x00,
    0x03, 0x00, 0x03, 0x00, 0x00, 0x00, 0x00, 0x00, 0x00, 0x00, 0x00, 0x00, 0x00, 0x00, 0x02, 0x00,
    0x04, 0x00, 0x08, 0x00, 0x10, 0x00, 0x00, 0x00, 0x1F, 0x00, 0x31, 0x80, 0x21, 0x80, 0x01, 0x80,
    0x1F, 0x80, 0x31, 0x80, 0x61, 0x80, 0x61, 0x80, 0x63, 0x80, 0x3D, 0x80, 0x00, 0x00, 0x00, 0x00,
    0x00, 0x00, 0x00, 0x00, 0x00, 0x00, 0x00, 0x00, 0x00, 0x10, 0x20, 0x40, 0x80, 0x00, 0x60, 0x60,
    0x60, 0x60, 0x60, 0x60, 0x60, 0x60, 0x60, 0x60, 0x00, 0x00, 0x00, 0x00, 0x00, 0x00, 0x00, 0x00,
    0x00, 0x00, 0x00, 0x01, 0x00, 0x02, 0x00, 0x04, 0x00, 0x08, 0x00, 0x00, 0x00, 0x0F, 0x80, 0x30,
    0xC0, 0x30, 0xC0, 0x60, 0x60, 0x60, 0x60, 0x60, 0x60, 0x60, 0x60, 0x30, 0xC0, 0x30, 0xC0, 0x1F,
    0x00, 0x00, 0x00, 0x00, 0x00, 0x00, 0x00, 0x00, 0x00, 0x00, 0x00, 0x00, 0x00, 0x00, 0x00, 0x00,
    0x00, 0x02, 0x00, 0x04, 0x00, 0x08, 0x00, 0x10, 0x00, 0x00, 0x00, 0x61, 0x80, 0x61, 0x80, 0x61,
    0x80, 0x61, 0x80, 0x61, 0x80, 0x61, 0x80, 0x61, 0x80, 0x61, 0x80, 0x73, 0x80, 0x3D, 0x80, 0x00,
    0x00, 0x00, 0x00, 0x00, 0x00, 0x00, 0x00, 0x00, 0x00, 0x00, 0x00, 0x00, 0x80, 0x40, 0x20, 0x10,
    0x00, 0x60, 0x60, 0x60, 0x60, 0x60, 0x60, 0x60, 0x60, 0x60, 0x60, 0x00, 0x00, 0x00, 0x00, 0x00,
    0x00, 0x00, 0x00, 0x00, 0x00, 0x00, 0x08, 0x00, 0x04, 0x00, 0x02, 0x00, 0x01, 0x00, 0x00, 0x00,
    0x0F, 0x80, 0x30, 0xC0, 0x30, 0xC0, 0x60, 0x60, 0x60, 0x60, 0x60, 0x60, 0x60, 0x60, 0x30, 0xC0,
    0x30, 0xC0, 0x1F, 0x00, 0x00, 0x00, 0x00, 0x00, 0x00, 0x00, 0x00, 0x00, 0x00, 0x00, 0x00, 0x00,
    0x00, 0x00, 0x00, 0x00, 0x00, 0x00, 0x00, 0x00, 0x61, 0x80, 0x61, 0x80, 0x00, 0x00, 0x1F, 0x00,
    0x31, 0x80, 0x21, 0x80, 0x01, 0x80, 0x1F, 0x80, 0x31, 0x80, 0x61, 0x80, 0x61, 0x80, 0x63, 0x80,
    0x3D, 0x80, 0x00, 0x00, 0x00, 0x00, 0x00, 0x00, 0x00, 0x00, 0x00, 0x00, 0x00, 0x00, 0x00, 0x00,
    0x00, 0x00, 0x00, 0x00, 0x00, 0x00, 0x30, 0xC0, 0x30, 0xC0, 0x00, 0x00, 0x0F, 0x80, 0x30, 0xC0,
    0x30, 0xC0, 0x60, 0x60, 0x60, 0x60, 0x60, 0x60, 0x60, 0x60, 0x30, 0xC0, 0x30, 0xC0, 0x1F, 0x00,
    0x00, 0x00, 0x00, 0x00, 0x00, 0x00, 0x00, 0x00, 0x00, 0x00, 0x00, 0x00, 0x00, 0x00, 0x00, 0x00,
    0x00, 0x00, 0x23, 0x00, 0x5C, 0x00, 0x00, 0x00, 0x00, 0x00, 0x6F, 0x00, 0x73, 0x80, 0x61, 0x80,
    0x61, 0x80, 0x61, 0x80, 0x61, 0x80, 0x61, 0x80, 0x61, 0x80, 0x61, 0x80, 0x61, 0x80, 0x00, 0x00,
    0x00, 0x00, 0x00, 0x00, 0x00, 0x00, 0x00, 0x00, 0x01, 0x00, 0x02, 0x00, 0x04, 0x00, 0x08, 0x00,
    0x00, 0x00, 0x06, 0x00, 0x0F, 0x00, 0x0F, 0x00, 0x09, 0x00, 0x19, 0x80, 0x19, 0x80, 0x10, 0x80,
    0x3F, 0xC0, 0x30, 0xC0, 0x20, 0x40, 0x60, 0x60, 0x60, 0x60, 0x40, 0x20, 0x00, 0x00, 0x00, 0x00,
    0x00, 0x00, 0x00, 0x00, 0x00, 0x00, 0x08, 0x10, 0x20, 0x40, 0x00, 0x30, 0x30, 0x30, 0x30, 0x30,
    0x30, 0x30, 0x30, 0x30, 0x30, 0x30, 0x30, 0x30, 0x00, 0x00, 0x00, 0x00, 0x00, 0x00, 0x80, 0x01,
    0x00, 0x02, 0x00, 0x04, 0x00, 0x00, 0x00, 0x0F, 0xC0, 0x18, 0x60, 0x30, 0x30, 0x20, 0x30, 0x60,
    0x18, 0x60, 0x18, 0x60, 0x18, 0x60, 0x18, 0x60, 0x18, 0x70, 0x30, 0x30, 0x30, 0x18, 0x60, 0x0F,
    0xC0, 0x00, 0x00, 0x00, 0x00, 0x00, 0x00, 0x00, 0x00, 0x00, 0x00, 0x00, 0x80, 0x01, 0x00, 0x02,
    0x00, 0x04, 0x00, 0x00, 0x00, 0x30, 0x30, 0x30, 0x30, 0x30, 0x30, 0x30, 0x30, 0x30, 0x30, 0x30,
    0x30, 0x30, 0x30, 0x30, 0x30, 0x30, 0x30, 0x30, 0x30, 0x30, 0x30, 0x18, 0x60, 0x0F, 0xC0, 0x00,
    0x00, 0x00, 0x00, 0x00, 0x00, 0x00, 0x00, 0x00, 0x00, 0x40, 0x20, 0x10, 0x08, 0x00, 0x30, 0x30,
    0x30, 0x30, 0x30, 0x30, 0x30, 0x30, 0x30, 0x30, 0x30, 0x30, 0x30, 0x00, 0x00, 0x00, 0x00, 0x00,
    0x04, 0x00, 0x02, 0x00, 0x01, 0x00, 0x00, 0x80, 0x00, 0x00, 0x0F, 0xC0, 0x18, 0x60, 0x30, 0x30,
    0x20, 0x30, 0x60, 0x18, 0x60, 0x18, 0x60, 0x18, 0x60, 0x18, 0x60, 0x18, 0x70, 0x30, 0x30, 0x30,
    0x18, 0x60, 0x0F, 0xC0, 0x00, 0x00, 0x00, 0x00, 0x00, 0x00, 0x00, 0x00, 0x00, 0x00, 0x04, 0x00,
    0x02, 0x00, 0x01, 0x00, 0x00, 0x80, 0x00, 0x00, 0x30, 0x30, 0x30, 0x30, 0x30, 0x30, 0x30, 0x30,
    0x30, 0x30, 0x30, 0x30, 0x30, 0x30, 0x30, 0x30, 0x30, 0x30, 0x30, 0x30, 0x30, 0x30, 0x18, 0x60,
    0x0F, 0xC0, 0x00, 0x00, 0x00, 0x00, 0x00, 0x00, 0x00, 0x00, 0x00, 0x00, 0x00, 0x00, 0x00, 0x00,
    0x30, 0xC0, 0x30, 0xC0, 0x00, 0x00, 0x06, 0x00, 0x0F, 0x00, 0x0F, 0x00, 0x09, 0x00, 0x19, 0x80,
    0x19, 0x80, 0x10, 0x80, 0x3F, 0xC0, 0x30, 0xC0, 0x20, 0x40, 0x60, 0x60, 0x60, 0x60, 0x40, 0x20,
    0x00, 0x00, 0x00, 0x00, 0x00, 0x00, 0x00, 0x00, 0x00, 0x00, 0x00, 0x00, 0x00, 0x00, 0x18, 0x60,
    0x18, 0x60, 0x00, 0x00, 0x0F, 0xC0, 0x18, 0x60, 0x30, 0x30, 0x20, 0x30, 0x60, 0x18, 0x60, 0x18,
    0x60, 0x18, 0x60, 0x18, 0x60, 0x18, 0x70, 0x30, 0x30, 0x30, 0x18, 0x60, 0x0F, 0xC0, 0x00, 0x00,
    0x00, 0x00, 0x00, 0x00, 0x00, 0x00, 0x00, 0x00, 0x00, 0x00, 0x00, 0x00, 0x18, 0x60, 0x18, 0x60,
    0x00, 0x00, 0x30, 0x30, 0x30, 0x30, 0x30, 0x30, 0x30, 0x30, 0x30, 0x30, 0x30, 0x30, 0x30, 0x30,
    0x30, 0x30, 0x30, 0x30, 0x30, 0x30, 0x30, 0x30, 0x18, 0x60, 0x0F, 0xC0, 0x00, 0x00, 0x00, 0x00,
    0x00, 0x00, 0x00, 0x00, 0x00, 0x00, 0x00, 0x00, 0x08, 0xC0, 0x17, 0x00, 0x00, 0x00, 0x00, 0x00,
    0x38, 0x30, 0x38, 0x30, 0x3C, 0x30, 0x34, 0x30, 0x36, 0x30, 0x32, 0x30, 0x33, 0x30, 0x31, 0x30,
    0x31, 0xB0, 0x30, 0xB0, 0x30, 0xF0, 0x30, 0x70, 0x30, 0x70, 0x00, 0x00, 0x00, 0x00, 0x00, 0x00,
    0x00, 0x00, 0x00, 0x00, 0x00, 0x00, 0x00, 0x00, 0x00, 0x00, 0x00, 0x00, 0x00, 0x00, 0x0F, 0x80,
    0x00, 0xE0, 0x30, 0x60, 0x30, 0x60, 0x30, 0x60, 0x30, 0xC0, 0x33, 0xC0, 0x30, 0xE0, 0x30, 0x60,
    0x30, 0x60, 0x30, 0x60, 0x30, 0xC0, 0x31, 0x80, 0x00, 0x00, 0x00, 0x00, 0x00, 0x00, 0x00, 0x00,
    0x00, 0x00, 0x00, 0x00, 0x00, 0x00, 0x00, 0x00, 0x00, 0x00, 0x00, 0x00, 0x00, 0x00, 0x00, 0x00,
    0x00, 0x00, 0x0C, 0x00, 0x0C, 0x00, 0x00, 0x00, 0x0C, 0x00, 0x08, 0x00, 0x18, 0x00, 0x30, 0x00,
    0x30, 0x00, 0x60, 0x00, 0x61, 0x80, 0x61, 0x80, 0x33, 0x00, 0x1E, 0x00, 0x00, 0x00, 0x00, 0x00,
    0x00, 0x00, 0x00, 0x00, 0x00, 0x00, 0x00, 0x00, 0x60, 0x60, 0x00, 0x00, 0x60, 0x60, 0x60, 0x60,
    0x60, 0x60, 0x60, 0x60, 0x60, 0x00, 0x00, 0x00, 0x00, 0x00, 0x00, 0x00, 0x1C, 0x24, 0x42, 0x42,
    0x24, 0x38, 0x00, 0x00, 0x00, 0x00, 0x00, 0x00, 0x00, 0x00, 0x00, 0x00, 0x00, 0x00,
};
const gfx_font_t gfx_font_medium = {23, 137, gfx_font_medium_glyphs, gfx_font_medium_bitmap};

/* gfx_font_large: Aileron 26px, 137 glyphs */
static const gfx_glyph_t gfx_font_large_glyphs[] = {
    {0x0020, 96, 6, 0},
    {0x0021, 80, 5, 32},
    {0x0022, 144, 9, 64},
    {0x0023, 256, 16, 128},
    {0x0024, 240, 15, 192},
    {0x0025, 320, 20, 256},
    {0x0026, 272, 17, 352},
    {0x0027, 80, 5, 448},
    {0x0028, 144, 9, 480},
    {0x0029, 144, 9, 544},
    {0x002A, 240, 15, 608},
    {0x002B, 240, 15, 672},
    {0x002C, 96, 7, 736},
    {0x002D, 112, 7, 768},
    {0x002E, 80, 5, 800},
    {0x002F, 160, 12, 832},
    {0x0030, 240, 15, 896},
    {0x0031, 240, 15, 960},
    {0x0032, 240, 15, 1024},
    {0x0033, 240, 15, 1088},
    {0x0034, 240, 15, 1152},
    {0x0035, 240, 15, 1216},
    {0x0036, 240, 15, 1280},
    {0x0037, 240, 15, 1344},
    {0x0038, 240, 15, 1408},
    {0x0039, 240, 15, 1472},
    {0x003A, 80, 5, 1536},
    {0x003B, 80, 6, 1568},
    {0x003C, 240, 15, 1600},
    {0x003D, 240, 15, 1664},
    {0x003E, 240, 15, 1728},
    {0x003F, 208, 13, 1792},
    {0x0040, 352, 22, 1856},
    {0x0041, 272, 17, 1952},
    {0x0042, 256, 16, 2048},
    {0x0043, 288, 18, 2112},
    {0x0044, 304, 19, 2208},
    {0x0045, 256, 16, 2304},
    {0x0046, 240, 15, 2368},
    {0x0047, 304, 19, 2432},
    {0x0048, 304, 19, 2528},
    {0x0049, 112, 7, 2624},
    {0x004A, 224, 14, 2656},
    {0x004B, 256, 17, 2720},
    {0x004C, 256, 16, 2816},
    {0x004D, 368, 23, 2880},
    {0x004E, 304, 19, 2976},
    {0x004F, 304, 19, 3072},
    {0x0050, 256, 16, 3168},
    {0x0051, 304, 19, 3232},
    {0x0052, 256, 16, 3328},
    {0x0053, 240, 15, 3392},
    {0x0054, 256, 16, 3456},
    {0x0055, 272, 17, 3520},
    {0x0056, 256, 17, 3616},
    {0x0057, 400, 25, 3712},
    {0x0058, 256, 17, 3840},
    {0x0059, 240, 16, 3936},
    {0x005A, 256, 16, 4000},
    {0x005B, 144, 9, 4064},
    {0x005C, 128, 10, 4128},
    {0x005D, 128, 8, 4192},
    {0x005E, 240, 15, 4224},
    {0x005F, 192, 12, 4288},
    {0x0060, 128, 8, 4352},
    {0x0061, 224, 14, 4384},
    {0x0062, 256, 16, 4448},
    {0x0063, 224, 14, 4512},
    {0x0064, 256, 16, 4576},
    {0x0065, 240, 15, 4640},
    {0x0066, 144, 9, 4704},
    {0x0067, 256, 16, 4768},
    {0x0068, 256, 16, 4832},
    {0x0069, 96, 6, 4896},
    {0x006A, 96, 6, 4928},
    {0x006B, 224, 14, 4960},
    {0x006C, 112, 7, 5024},
    {0x006D, 352, 22, 5056},
    {0x006E, 256, 16, 5152},
    {0x006F, 240, 15, 5216},
    {0x0070, 256, 16, 5280},
    {0x0071, 256, 16, 5344},
    {0x0072, 144, 9, 5408},
    {0x0073, 192, 12, 5472},
    {0x0074, 144, 9, 5536},
    {0x0075, 256, 16, 5600},
    {0x0076, 208, 14, 5664},
    {0x0077, 320, 21, 5728},
    {0x0078, 208, 14, 5824},
    {0x0079, 208, 14, 5888},
    {0x007A, 208, 13, 5952},
    {0x007B, 128, 8, 6016},
    {0x007C, 96, 6, 6048},
    {0x007D, 128, 8, 6080},
    {0x007E, 240, 15, 6112},
    {0x00E0, 224, 14, 6176},
    {0x00E2, 224, 14, 6240},
    {0x00E7, 224, 14, 6304},
    {0x00E9, 240, 15, 6368},
    {0x00E8, 240, 15, 6432},
    {0x00EA, 240, 15, 6496},
    {0x00EB, 240, 15, 6560},
    {0x00EE, 144, 9, 6624},
    {0x00EF, 192, 12, 6688},
    {0x00F4, 240, 15, 6752},
    {0x00F9, 256, 16, 6816},
    {0x00FB, 256, 16, 6880},
    {0x00FC, 256, 16, 6944},
    {0x00C0, 272, 17, 7008},
    {0x00C9, 256, 16, 7104},
    {0x00C8, 256, 16, 7168},
    {0x00CA, 256, 16, 7232},
    {0x00C7, 288, 18, 7296},
    {0x00E1, 224, 14, 7392},
    {0x00ED, 112, 7, 7456},
    {0x00F3, 240, 15, 7488},
    {0x00FA, 256, 16, 7552},
    {0x00EC, 112, 7, 7616},
    {0x00F2, 240, 15, 7648},
    {0x00E4, 224, 14, 7712},
    {0x00F6, 240, 15, 7776},
    {0x00F1, 256, 16, 7840},
    {0x00C1, 272, 17, 7904},
    {0x00CD, 112, 7, 8000},
    {0x00D3, 304, 19, 8032},
    {0x00DA, 272, 17, 8128},
    {0x00CC, 112, 7, 8224},
    {0x00D2, 304, 19, 8256},
    {0x00D9, 272, 17, 8352},
    {0x00C4, 272, 17, 8448},
    {0x00D6, 304, 19, 8544},
    {0x00DC, 272, 17, 8640},
    {0x00D1, 304, 19, 8736},
    {0x00DF, 256, 16, 8832},
    {0x00BF, 208, 13, 8896},
    {0x00A1, 80, 5, 8960},
    {0x00B0, 160, 10, 8992},
};
static const uint8_t gfx_font_large_bitmap[] = {
    0x00, 0x00, 0x00, 0x00, 0x00, 0x00, 0x00, 0x00, 0x00, 0x00, 0x00, 0x00, 0x00, 0x00, 0x00, 0x00,
    0x00, 0x00, 0x00, 0x00, 0x00, 0x00, 0x00, 0x00, 0x00, 0x00, 0x00, 0x00, 0x00, 0x00, 0x00, 0x00,
    0x00, 0x00, 0x00, 0x00, 0x00, 0x00, 0x00, 0x00, 0x30, 0x30, 0x30, 0x30, 0x30, 0x30, 0x30, 0x30,
    0x30, 0x30, 0x30, 0x30, 0x30, 0x00, 0x00, 0x70, 0x70, 0x70, 0x00, 0x00, 0x00, 0x00, 0x00, 0x00,
    0x00, 0x00, 0x00, 0x00, 0x00, 0x00, 0x00, 0x00, 0x00, 0x00, 0x00, 0x00, 0x00, 0x00, 0x33, 0x00,
    0x33, 0x00, 0x33, 0x00, 0x33, 0x00, 0x33, 0x00, 0x33, 0x00, 0x00, 0x00, 0x00, 0x00, 0x00, 0x00,
    0x00, 0x00, 0x00, 0x00, 0x00, 0x00, 0x00, 0x00, 0x00, 0x00, 0x00, 0x00, 0x00, 0x00, 0x00, 0x00,
    0x00, 0x00, 0x00, 0x00, 0x00, 0x00, 0x00, 0x00, 0x00, 0x00, 0x00, 0x00, 0x00, 0x00, 0x00, 0x00,
    0x00, 0x00, 0x00, 0x00, 0x00, 0x00, 0x00, 0x00, 0x00, 0x00, 0x00, 0x00, 0x00, 0x00, 0x00, 0x00,
    0x01, 0x98, 0x01, 0x10, 0x01, 0x10, 0x03, 0x30, 0x03, 0x30, 0x03, 0x30, 0x1F, 0xFC, 0x02, 0x60,
    0x06, 0x60, 0x06, 0x60, 0x06, 0x40, 0x3F, 0xF8, 0x0C, 0xC0, 0x0C, 0xC0, 0x0C, 0xC0, 0x08, 0x80,
    0x08, 0x80, 0x19, 0x80, 0x00, 0x00, 0x00, 0x00, 0x00, 0x00, 0x00, 0x00, 0x00, 0x00, 0x00, 0x00,
    0x00, 0x00, 0x00, 0x00, 0x00, 0x00, 0x00, 0x00, 0x00, 0x00, 0x01, 0x80, 0x01, 0x80, 0x01, 0x80,
    0x0F, 0xE0, 0x1D, 0xB0, 0x39, 0xB0, 0x31, 0x98, 0x31, 0x98, 0x31, 0x80, 0x39, 0x80, 0x1F, 0x80,
    0x0F, 0xE0, 0x03, 0xF0, 0x01, 0xB8, 0x01, 0x98, 0x01, 0x98, 0x71, 0x98, 0x31, 0x98, 0x39, 0xB0,
    0x1F, 0xF0, 0x0F, 0xE0, 0x01, 0x80, 0x01, 0x80, 0x00, 0x00, 0x00, 0x00, 0x00, 0x00, 0x00, 0x00,
    0x00, 0x00, 0x00, 0x00, 0x00, 0x00, 0x00, 0x00, 0x00, 0x00, 0x00, 0x00, 0x00, 0x00, 0x00, 0x00,
    0x00, 0x00, 0x00, 0x00, 0x00, 0x00, 0x00, 0x00, 0x1E, 0x03, 0x00, 0x33, 0x07, 0x00, 0x61, 0x86,
    0x00, 0x61, 0x8C, 0x00, 0x61, 0x9C, 0x00, 0x61, 0x98, 0x00, 0x33, 0x30, 0x00, 0x1E, 0x70, 0x00,
    0x00, 0x60, 0x00, 0x00, 0xC0, 0x00, 0x01, 0xC7, 0x00, 0x01, 0x8D, 0x80, 0x03, 0x98, 0xC0, 0x07,
    0x18, 0xC0, 0x06, 0x18, 0xC0, 0x0E, 0x18, 0xC0, 0x1C, 0x0D, 0x80, 0x18, 0x07, 0x00, 0x00, 0x00,
    0x00, 0x00, 0x00, 0x00, 0x00, 0x00, 0x00, 0x00, 0x00, 0x00, 0x00, 0x00, 0x00, 0x00, 0x00, 0x00,
    0x00, 0x00, 0x00, 0x00, 0x00, 0x00, 0x00, 0x00, 0x00, 0x00, 0x00, 0x00, 0x00, 0x00, 0x00, 0x00,
    0x00, 0x00, 0x00, 0x00, 0x00, 0x00, 0x00, 0x00, 0x03, 0xF0, 0x00, 0x06, 0x00, 0x00, 0x0C, 0x00,
    0x00, 0x18, 0x00, 0x00, 0x18, 0x00, 0x00, 0x18, 0x0C, 0x00, 0x18, 0x0C, 0x00, 0x0C, 0x0C, 0x00,
    0x03, 0xFF, 0x80, 0x0C, 0x0C, 0x00, 0x18, 0x0C, 0x00, 0x30, 0x0C, 0x00, 0x30, 0x0C, 0x00, 0x30,
    0x0C, 0x00, 0x30, 0x0C, 0x00, 0x38, 0x0C, 0x00, 0x1C, 0x0C, 0x00, 0x07, 0xFC, 0x00, 0x00, 0x00,
    0x00, 0x00, 0x00, 0x00, 0x00, 0x00, 0x00, 0x00, 0x00, 0x00, 0x00, 0x00, 0x00, 0x00, 0x00, 0x00,
    0x00, 0x00, 0x00, 0x00, 0x00, 0x00, 0x00, 0x60, 0x60, 0x60, 0x60, 0x60, 0x60, 0x00, 0x00, 0x00,
    0x00, 0x00, 0x00, 0x00, 0x00, 0x00, 0x00, 0x00, 0x00, 0x00, 0x00, 0x00, 0x00, 0x00, 0x00, 0x00,
    0x00, 0x00, 0x00, 0x00, 0x00, 0x00, 0x00, 0x00, 0x00, 0x00, 0x00, 0x00, 0x03, 0x00, 0x02, 0x00,
    0x06, 0x00, 0x04, 0x00, 0x0C, 0x00, 0x0C, 0x00, 0x08, 0x00, 0x18, 0x00, 0x18, 0x00, 0x18, 0x00,
    0x18, 0x00, 0x18, 0x00, 0x18, 0x00, 0x18, 0x00, 0x18, 0x00, 0x08, 0x00, 0x0C, 0x00, 0x0C, 0x00,
    0x0C, 0x00, 0x06, 0x00, 0x06, 0x00, 0x03, 0x00, 0x00, 0x00, 0x00, 0x00, 0x00, 0x00, 0x00, 0x00,
    0x00, 0x00, 0x00, 0x00, 0x00, 0x00, 0x00, 0x00, 0x00, 0x00, 0x00, 0x00, 0x60, 0x00, 0x20, 0x00,
    0x30, 0x00, 0x10, 0x00, 0x18, 0x00, 0x18, 0x00, 0x08, 0x00, 0x0C, 0x00, 0x0C, 0x00, 0x0C, 0x00,
    0x0C, 0x00, 0x0C, 0x00, 0x0C, 0x00, 0x0C, 0x00, 0x0C, 0x00, 0x08, 0x00, 0x18, 0x00, 0x18, 0x00,
    0x18, 0x00, 0x30, 0x00, 0x30, 0x00, 0x60, 0x00, 0x00, 0x00, 0x00, 0x00, 0x00, 0x00, 0x00, 0x00,
    0x00, 0x00, 0x00, 0x00, 0x00, 0x00, 0x00, 0x00, 0x00, 0x00, 0x00, 0x00, 0x00, 0x00, 0x00, 0x00,
    0x00, 0x00, 0x00, 0x00, 0x00, 0x00, 0x00, 0x00, 0x00, 0x00, 0x00, 0x00, 0x01, 0x80, 0x01, 0x80,
    0x01, 0x80, 0x11, 0x88, 0x1F, 0xF8, 0x03, 0xC0, 0x03, 0xC0, 0x06, 0x60, 0x0C, 0x30, 0x0C, 0x30,
    0x00, 0x00, 0x00, 0x00, 0x00, 0x00, 0x00, 0x00, 0x00, 0x00, 0x00, 0x00, 0x00, 0x00, 0x00, 0x00,
    0x00, 0x00, 0x00, 0x00, 0x00, 0x00, 0x00, 0x00, 0x00, 0x00, 0x00, 0x00, 0x00, 0x00, 0x00, 0x00,
    0x00, 0x00, 0x00, 0x00, 0x00, 0x00, 0x00, 0x00, 0x03, 0x00, 0x03, 0x00, 0x03, 0x00, 0x03, 0x00,
    0x03, 0x00, 0x03, 0x00, 0x3F, 0xF8, 0x03, 0x00, 0x03, 0x00, 0x03, 0x00, 0x03, 0x00, 0x03, 0x00,
    0x00, 0x00, 0x00, 0x00, 0x00, 0x00, 0x00, 0x00, 0x00, 0x00, 0x00, 0x00, 0x00, 0x00, 0x00, 0x00,
    0x00, 0x00, 0x00, 0x00, 0x00, 0x00, 0x00, 0x00, 0x00, 0x00, 0x00, 0x00, 0x00, 0x00, 0x00, 0x00,
    0x00, 0x00, 0x00, 0x00, 0x00, 0x00, 0x00, 0x00, 0x70, 0x60, 0x60, 0xC0, 0xC0, 0x00, 0x00, 0x00,
    0x00, 0x00, 0x00, 0x00, 0x00, 0x00, 0x00, 0x00, 0x00, 0x00, 0x00, 0x00, 0x00, 0x00, 0x00, 0x00,
    0x00, 0x00, 0x7C, 0x00, 0x00, 0x00, 0x00, 0x00, 0x00, 0x00, 0x00, 0x00, 0x00, 0x00, 0x00, 0x00,
    0x00, 0x00, 0x00, 0x00, 0x00, 0x00, 0x00, 0x00, 0x00, 0x00, 0x00, 0x00, 0x00, 0x00, 0x00, 0x00,
    0x00, 0x00, 0x00, 0x00, 0x00, 0x00, 0x00, 0x70, 0x70, 0x70, 0x00, 0x00, 0x00, 0x00, 0x00, 0x00,
    0x00, 0x00, 0x00, 0x00, 0x00, 0x00, 0x00, 0x00, 0x00, 0x00, 0x00, 0x00, 0x00, 0x00, 0x01, 0x80,
    0x01, 0x80, 0x01, 0x00, 0x03, 0x00, 0x03, 0x00, 0x02, 0x00, 0x06, 0x00, 0x06, 0x00, 0x04, 0x00,
    0x0C, 0x00, 0x0C, 0x00, 0x08, 0x00, 0x18, 0x00, 0x18, 0x00, 0x10, 0x00, 0x30, 0x00, 0x30, 0x00,
    0x20, 0x00, 0x60, 0x00, 0x40, 0x00, 0x00, 0x00, 0x00, 0x00, 0x00, 0x00, 0x00, 0x00, 0x00, 0x00,
    0x00, 0x00, 0x00, 0x00, 0x00, 0x00, 0x00, 0x00, 0x00, 0x00, 0x00, 0x00, 0x00, 0x00, 0x00, 0x00,
    0x07, 0xC0, 0x1C, 0x70, 0x30, 0x18, 0x30, 0x18, 0x30, 0x18, 0x60, 0x0C, 0x60, 0x0C, 0x60, 0x0C,
    0x60, 0x0C, 0x60, 0x0C, 0x60, 0x0C, 0x60, 0x0C, 0x60, 0x0C, 0x30, 0x18, 0x30, 0x18, 0x30, 0x18,
    0x1C, 0x70, 0x07, 0xC0, 0x00, 0x00, 0x00, 0x00, 0x00, 0x00, 0x00, 0x00, 0x00, 0x00, 0x00, 0x00,
    0x00, 0x00, 0x00, 0x00, 0x00, 0x00, 0x00, 0x00, 0x00, 0x00, 0x00, 0x00, 0x00, 0x00, 0x00, 0x00,
    0x01, 0xC0, 0x07, 0xC0, 0x0F, 0xC0, 0x1C, 0xC0, 0x10, 0xC0, 0x00, 0xC0, 0x00, 0xC0, 0x00, 0xC0,
    0x00, 0xC0, 0x00, 0xC0, 0x00, 0xC0, 0x00, 0xC0, 0x00, 0xC0, 0x00, 0xC0, 0x00, 0xC0, 0x00, 0xC0,
    0x00, 0xC0, 0x00, 0xC0, 0x00, 0x00, 0x00, 0x00, 0x00, 0x00, 0x00, 0x00, 0x00, 0x00, 0x00, 0x00,
    0x00, 0x00, 0x00, 0x00, 0x00, 0x00, 0x00, 0x00, 0x00, 0x00, 0x00, 0x00, 0x00, 0x00, 0x00, 0x00,
    0x03, 0xE0, 0x0E, 0x38, 0x1C, 0x18, 0x18, 0x0C, 0x18, 0x0C, 0x38, 0x0C, 0x00, 0x0C, 0x00, 0x1C,
    0x00, 0x38, 0x00, 0x70, 0x00, 0xE0, 0x00, 0xE0, 0x01, 0xC0, 0x03, 0x80, 0x07, 0x00, 0x0E, 0x00,
    0x1C, 0x00, 0x3F, 0xFC, 0x00, 0x00, 0x00, 0x00, 0x00, 0x00, 0x00, 0x00, 0x00, 0x00, 0x00, 0x00,
    0x00, 0x00, 0x00, 0x00, 0x00, 0x00, 0x00, 0x00, 0x00, 0x00, 0x00, 0x00, 0x00, 0x00, 0x00, 0x00,
    0x07, 0xC0, 0x1C, 0x30, 0x38, 0x18, 0x30, 0x18, 0x30, 0x18, 0x00, 0x18, 0x00, 0x30, 0x00, 0x70,
    0x03, 0xC0, 0x00, 0x30, 0x00, 0x18, 0x00, 0x0C, 0x60, 0x0C, 0x60, 0x0C, 0x70, 0x0C, 0x30, 0x18,
    0x1C, 0x30, 0x0F, 0xC0, 0x00, 0x00, 0x00, 0x00, 0x00, 0x00, 0x00, 0x00, 0x00, 0x00, 0x00, 0x00,
    0x00, 0x00, 0x00, 0x00, 0x00, 0x00, 0x00, 0x00, 0x00, 0x00, 0x00, 0x00, 0x00, 0x00, 0x00, 0x00,
    0x00, 0x30, 0x00, 0x70, 0x00, 0xF0, 0x01, 0xF0, 0x01, 0xB0, 0x03, 0x30, 0x07, 0x30, 0x06, 0x30,
    0x0C, 0x30, 0x1C, 0x30, 0x38, 0x30, 0x30, 0x30, 0x7F, 0xFC, 0x00, 0x30, 0x00, 0x30, 0x00, 0x30,
    0x00, 0x30, 0x00, 0x30, 0x00, 0x00, 0x00, 0x00, 0x00, 0x00, 0x00, 0x00, 0x00, 0x00, 0x00, 0x00,
    0x00, 0x00, 0x00, 0x00, 0x00, 0x00, 0x00, 0x00, 0x00, 0x00, 0x00, 0x00, 0x00, 0x00, 0x00, 0x00,
    0x3F, 0xF8, 0x30, 0x00, 0x30, 0x00, 0x30, 0x00, 0x30, 0x00, 0x30, 0x00, 0x37, 0xC0, 0x38, 0x70,
    0x70, 0x30, 0x70, 0x18, 0x00, 0x18, 0x00, 0x18, 0x00, 0x18, 0x60, 0x18, 0x70, 0x18, 0x30, 0x30,
    0x38, 0x60, 0x0F, 0x80, 0x00, 0x00, 0x00, 0x00, 0x00, 0x00, 0x00, 0x00, 0x00, 0x00, 0x00, 0x00,
    0x00, 0x00, 0x00, 0x00, 0x00, 0x00, 0x00, 0x00, 0x00, 0x00, 0x00, 0x00, 0x00, 0x00, 0x00, 0x00,
    0x07, 0xC0, 0x08, 0x60, 0x10, 0x30, 0x30, 0x18, 0x20, 0x18, 0x60, 0x00, 0x67, 0xC0, 0x78, 0x60,
    0x70, 0x30, 0x60, 0x18, 0x60, 0x18, 0x60, 0x18, 0x60, 0x18, 0x60, 0x18, 0x20, 0x10, 0x30, 0x30,
    0x18, 0x60, 0x0F, 0x80, 0x00, 0x00, 0x00, 0x00, 0x00, 0x00, 0x00, 0x00, 0x00, 0x00, 0x00, 0x00,
    0x00, 0x00, 0x00, 0x00, 0x00, 0x00, 0x00, 0x00, 0x00, 0x00, 0x00, 0x00, 0x00, 0x00, 0x00, 0x00,
    0x7F, 0xFC, 0x00, 0x1C, 0x00, 0x38, 0x00, 0x30, 0x00, 0x70, 0x00, 0x60, 0x00, 0xE0, 0x00, 0xC0,
    0x01, 0xC0, 0x01, 0x80, 0x03, 0x80, 0x03, 0x00, 0x07, 0x00, 0x06, 0x00, 0x0E, 0x00, 0x0C, 0x00,
    0x1C, 0x00, 0x18, 0x00, 0x00, 0x00, 0x00, 0x00, 0x00, 0x00, 0x00, 0x00, 0x00, 0x00, 0x00, 0x00,
    0x00, 0x00, 0x00, 0x00, 0x00, 0x00, 0x00, 0x00, 0x00, 0x00, 0x00, 0x00, 0x00, 0x00, 0x00, 0x00,
    0x07, 0xC0, 0x1C, 0x70, 0x38, 0x38, 0x30, 0x18, 0x30, 0x18, 0x30, 0x18, 0x38, 0x38, 0x18, 0x70,
    0x0F, 0xC0, 0x38, 0x30, 0x30, 0x18, 0x60, 0x0C, 0x60, 0x0C, 0x60, 0x0C, 0x60, 0x0C, 0x30, 0x18,
    0x18, 0x30, 0x0F, 0xE0, 0x00, 0x00, 0x00, 0x00, 0x00, 0x00, 0x00, 0x00, 0x00, 0x00, 0x00, 0x00,
    0x00, 0x00, 0x00, 0x00, 0x00, 0x00, 0x00, 0x00, 0x00, 0x00, 0x00, 0x00, 0x00, 0x00, 0x00, 0x00,
    0x0F, 0xC0, 0x18, 0x60, 0x30, 0x30, 0x60, 0x10, 0x60, 0x18, 0x60, 0x18, 0x60, 0x18, 0x60, 0x18,
    0x30, 0x38, 0x18, 0x78, 0x0F, 0x98, 0x00, 0x18, 0x60, 0x18, 0x60, 0x30, 0x70, 0x30, 0x30, 0x20,
    0x18, 0x40, 0x0F, 0x80, 0x00, 0x00, 0x00, 0x00, 0x00, 0x00, 0x00, 0x00, 0x00, 0x00, 0x00, 0x00,
    0x00, 0x00, 0x00, 0x00, 0x00, 0x00, 0x00, 0x00, 0x00, 0x00, 0x00, 0x00, 0x70, 0x70, 0x70, 0x00,
    0x00, 0x00, 0x00, 0x00, 0x00, 0x00, 0x00, 0x70, 0x70, 0x70, 0x00, 0x00, 0x00, 0x00, 0x00, 0x00,
    0x00, 0x00, 0x00, 0x00, 0x00, 0x00, 0x00, 0x00, 0x00, 0x00, 0x00, 0x00, 0x38, 0x38, 0x38, 0x00,
    0x00, 0x00, 0x00, 0x00, 0x00, 0x00, 0x00, 0x30, 0x30, 0x70, 0x60, 0x60, 0xE0, 0x00, 0x00, 0x00,
    0x00, 0x00, 0x00, 0x00, 0x00, 0x00, 0x00, 0x00, 0x00, 0x00, 0x00, 0x00, 0x00, 0x00, 0x00, 0x00,
    0x00, 0x00, 0x00, 0x00, 0x00, 0x00, 0x00, 0x00, 0x00, 0x00, 0x00, 0x04, 0x00, 0x1C, 0x00, 0x70,
    0x01, 0xC0, 0x07, 0x00, 0x1C, 0x00, 0x18, 0x00, 0x0E, 0x00, 0x03, 0x80, 0x00, 0xF0, 0x00, 0x3C,
    0x00, 0x0C, 0x00, 0x00, 0x00, 0x00, 0x00, 0x00, 0x00, 0x00, 0x00, 0x00, 0x00, 0x00, 0x00, 0x00,
    0x00, 0x00, 0x00, 0x00, 0x00, 0x00, 0x00, 0x00, 0x00, 0x00, 0x00, 0x00, 0x00, 0x00, 0x00, 0x00,
    0x00, 0x00, 0x00, 0x00, 0x00, 0x00, 0x00, 0x00, 0x00, 0x00, 0x00, 0x00, 0x00, 0x00, 0x3F, 0xF8,
    0x00, 0x00, 0x00, 0x00, 0x00, 0x00, 0x00, 0x00, 0x3F, 0xF8, 0x00, 0x00, 0x00, 0x00, 0x00, 0x00,
    0x00, 0x00, 0x00, 0x00, 0x00, 0x00, 0x00, 0x00, 0x00, 0x00, 0x00, 0x00, 0x00, 0x00, 0x00, 0x00,
    0x00, 0x00, 0x00, 0x00, 0x00, 0x00, 0x00, 0x00, 0x00, 0x00, 0x00, 0x00, 0x00, 0x00, 0x00, 0x00,
    0x00, 0x00, 0x00, 0x00, 0x00, 0x00, 0x00, 0x00, 0x00, 0x00, 0x20, 0x00, 0x38, 0x00, 0x1E, 0x00,
    0x07, 0x80, 0x01, 0xE0, 0x00, 0x78, 0x00, 0x38, 0x00, 0xF0, 0x03, 0xC0, 0x0F, 0x00, 0x3C, 0x00,
    0x30, 0x00, 0x00, 0x00, 0x00, 0x00, 0x00, 0x00, 0x00, 0x00, 0x00, 0x00, 0x00, 0x00, 0x00, 0x00,
    0x00, 0x00, 0x00, 0x00, 0x00, 0x00, 0x00, 0x00, 0x00, 0x00, 0x00, 0x00, 0x00, 0x00, 0x00, 0x00,
    0x0F, 0x80, 0x38, 0x60, 0x30, 0x30, 0x60, 0x30, 0x60, 0x30, 0x00, 0x30, 0x00, 0x70, 0x00, 0x60,
    0x00, 0xC0, 0x01, 0xC0, 0x03, 0x80, 0x03, 0x00, 0x03, 0x00, 0x00, 0x00, 0x00, 0x00, 0x07, 0x00,
    0x07, 0x00, 0x07, 0x00, 0x00, 0x00, 0x00, 0x00, 0x00, 0x00, 0x00, 0x00, 0x00, 0x00, 0x00, 0x00,
    0x00, 0x00, 0x00, 0x00, 0x00, 0x00, 0x00, 0x00, 0x00, 0x00, 0x00, 0x00, 0x00, 0x00, 0x00, 0x00,
    0x00, 0x00, 0x00, 0x00, 0x00, 0x00, 0x00, 0x00, 0x00, 0x7E, 0x00, 0x03, 0x83, 0x80, 0x06, 0x00,
    0xC0, 0x0C, 0x00, 0x60, 0x18, 0x00, 0x60, 0x30, 0x7B, 0x30, 0x30, 0xC6, 0x30, 0x71, 0x86, 0x30,
    0x63, 0x06, 0x30, 0x63, 0x06, 0x30, 0x63, 0x06, 0x30, 0x63, 0x0C, 0x30, 0x63, 0x0C, 0x60, 0x63,
    0x9C, 0xC0, 0x71, 0xE7, 0x80, 0x30, 0x00, 0x00, 0x38, 0x00, 0x00, 0x1C, 0x01, 0x80, 0x06, 0x07,
    0x00, 0x03, 0xF8, 0x00, 0x00, 0x00, 0x00, 0x00, 0x00, 0x00, 0x00, 0x00, 0x00, 0x00, 0x00, 0x00,
    0x00, 0x00, 0x00, 0x00, 0x00, 0x00, 0x00, 0x00, 0x00, 0x00, 0x00, 0x00, 0x00, 0x00, 0x00, 0x00,
    0x00, 0x00, 0x00, 0x00, 0x00, 0x00, 0x00, 0x00, 0x01, 0xC0, 0x00, 0x01, 0xE0, 0x00, 0x03, 0x60,
    0x00, 0x03, 0x60, 0x00, 0x03, 0x30, 0x00, 0x06, 0x30, 0x00, 0x06, 0x30, 0x00, 0x0E, 0x38, 0x00,
    0x0C, 0x18, 0x00, 0x0C, 0x18, 0x00, 0x1F, 0xFC, 0x00, 0x18, 0x0C, 0x00, 0x18, 0x0E, 0x00, 0x38,
    0x06, 0x00, 0x30, 0x06, 0x00, 0x30, 0x07, 0x00, 0x70, 0x03, 0x00, 0x60, 0x03, 0x00, 0x00, 0x00,
    0x00, 0x00, 0x00, 0x00, 0x00, 0x00, 0x00, 0x00, 0x00, 0x00, 0x00, 0x00, 0x00, 0x00, 0x00, 0x00,
    0x00, 0x00, 0x00, 0x00, 0x00, 0x00, 0x00, 0x00, 0x00, 0x00, 0x00, 0x00, 0x00, 0x00, 0x00, 0x00,
    0x1F, 0xF0, 0x18, 0x1C, 0x18, 0x06, 0x18, 0x06, 0x18, 0x06, 0x18, 0x06, 0x18, 0x0C, 0x18, 0x1C,
    0x1F, 0xF0, 0x18, 0x1C, 0x18, 0x0E, 0x18, 0x06, 0x18, 0x06, 0x18, 0x06, 0x18, 0x06, 0x18, 0x0C,
    0x18, 0x1C, 0x1F, 0xF0, 0x00, 0x00, 0x00, 0x00, 0x00, 0x00, 0x00, 0x00, 0x00, 0x00, 0x00, 0x00,
    0x00, 0x00, 0x00, 0x00, 0x00, 0x00, 0x00, 0x00, 0x00, 0x00, 0x00, 0x00, 0x00, 0x00, 0x00, 0x00,
    0x00, 0x00, 0x00, 0x00, 0x00, 0x00, 0x00, 0x00, 0x03, 0xF0, 0x00, 0x0E, 0x1C, 0x00, 0x18, 0x06,
    0x00, 0x10, 0x07, 0x00, 0x30, 0x03, 0x00, 0x20, 0x03, 0x00, 0x60, 0x00, 0x00, 0x60, 0x00, 0x00,
    0x60, 0x00, 0x00, 0x60, 0x00, 0x00, 0x60, 0x00, 0x00, 0x60, 0x00, 0x00, 0x60, 0x03, 0x00, 0x30,
    0x03, 0x00, 0x30, 0x07, 0x00, 0x18, 0x0E, 0x00, 0x0E, 0x1C, 0x00, 0x03, 0xF0, 0x00, 0x00, 0x00,
    0x00, 0x00, 0x00, 0x00, 0x00, 0x00, 0x00, 0x00, 0x00, 0x00, 0x00, 0x00, 0x00, 0x00, 0x00, 0x00,
    0x00, 0x00, 0x00, 0x00, 0x00, 0x00, 0x00, 0x00, 0x00, 0x00, 0x00, 0x00, 0x00, 0x00, 0x00, 0x00,
    0x00, 0x00, 0x00, 0x00, 0x00, 0x00, 0x00, 0x00, 0x1F, 0xF8, 0x00, 0x18, 0x0E, 0x00, 0x18, 0x03,
    0x00, 0x18, 0x01, 0x80, 0x18, 0x01, 0x80, 0x18, 0x00, 0xC0, 0x18, 0x00, 0xC0, 0x18, 0x00, 0xC0,
    0x18, 0x00, 0xC0, 0x18, 0x00, 0xC0, 0x18, 0x00, 0xC0, 0x18, 0x00, 0xC0, 0x18, 0x01, 0x80, 0x18,
    0x01, 0x80, 0x18, 0x03, 0x00, 0x18, 0x07, 0x00, 0x18, 0x0C, 0x00, 0x1F, 0xF0, 0x00, 0x00, 0x00,
    0x00, 0x00, 0x00, 0x00, 0x00, 0x00, 0x00, 0x00, 0x00, 0x00, 0x00, 0x00, 0x00, 0x00, 0x00, 0x00,
    0x00, 0x00, 0x00, 0x00, 0x00, 0x00, 0x00, 0x00, 0x00, 0x00, 0x00, 0x00, 0x00, 0x00, 0x00, 0x00,
    0x1F, 0xFE, 0x18, 0x00, 0x18, 0x00, 0x18, 0x00, 0x18, 0x00, 0x18, 0x00, 0x18, 0x00, 0x18, 0x00,
    0x18, 0x00, 0x1F, 0xFC, 0x18, 0x00, 0x18, 0x00, 0x18, 0x00, 0x18, 0x00, 0x18, 0x00, 0x18, 0x00,
    0x18, 0x00, 0x1F, 0xFE, 0x00, 0x00, 0x00, 0x00, 0x00, 0x00, 0x00, 0x00, 0x00, 0x00, 0x00, 0x00,
    0x00, 0x00, 0x00, 0x00, 0x00, 0x00, 0x00, 0x00, 0x00, 0x00, 0x00, 0x00, 0x00, 0x00, 0x00, 0x00,
    0x1F, 0xFE, 0x18, 0x00, 0x18, 0x00, 0x18, 0x00, 0x18, 0x00, 0x18, 0x00, 0x18, 0x00, 0x18, 0x00,
    0x18, 0x00, 0x1F, 0xFC, 0x18, 0x00, 0x18, 0x00, 0x18, 0x00, 0x18, 0x00, 0x18, 0x00, 0x18, 0x00,
    0x18, 0x00, 0x18, 0x00, 0x00, 0x00, 0x00, 0x00, 0x00, 0x00, 0x00, 0x00, 0x00, 0x00, 0x00, 0x00,
    0x00, 0x00, 0x00, 0x00, 0x00, 0x00, 0x00, 0x00, 0x00, 0x00, 0x00, 0x00, 0x00, 0x00, 0x00, 0x00,
    0x00, 0x00, 0x00, 0x00, 0x00, 0x00, 0x00, 0x00, 0x01, 0xF8, 0x00, 0x06, 0x0E, 0x00, 0x18, 0x07,
    0x00, 0x18, 0x03, 0x80, 0x30, 0x01, 0x80, 0x30, 0x01, 0x80, 0x60, 0x00, 0x00, 0x60, 0x00, 0x00,
    0x60, 0x00, 0x00, 0x60, 0x3F, 0x80, 0x60, 0x01, 0x80, 0x60, 0x01, 0x80, 0x70, 0x03, 0x80, 0x30,
    0x03, 0x80, 0x38, 0x03, 0x80, 0x18, 0x07, 0x80, 0x0E, 0x1D, 0x80, 0x03, 0xF1, 0x80, 0x00, 0x00,
    0x00, 0x00, 0x00, 0x00, 0x00, 0x00, 0x00, 0x00, 0x00, 0x00, 0x00, 0x00, 0x00, 0x00, 0x00, 0x00,
    0x00, 0x00, 0x00, 0x00, 0x00, 0x00, 0x00, 0x00, 0x00, 0x00, 0x00, 0x00, 0x00, 0x00, 0x00, 0x00,
    0x00, 0x00, 0x00, 0x00, 0x00, 0x00, 0x00, 0x00, 0x18, 0x01, 0x80, 0x18, 0x01, 0x80, 0x18, 0x01,
    0x80, 0x18, 0x01, 0x80, 0x18, 0x01, 0x80, 0x18, 0x01, 0x80, 0x18, 0x01, 0x80, 0x18, 0x01, 0x80,
    0x18, 0x01, 0x80, 0x1F, 0xFF, 0x80, 0x18, 0x01, 0x80, 0x18, 0x01, 0x80, 0x18, 0x01, 0x80, 0x18,
    0x01, 0x80, 0x18, 0x01, 0x80, 0x18, 0x01, 0x80, 0x18, 0x01, 0x80, 0x18, 0x01, 0x80, 0x00, 0x00,
    0x00, 0x00, 0x00, 0x00, 0x00, 0x00, 0x00, 0x00, 0x00, 0x00, 0x00, 0x00, 0x00, 0x00, 0x00, 0x00,
    0x00, 0x00, 0x00, 0x00, 0x00, 0x00, 0x00, 0x00, 0x18, 0x18, 0x18, 0x18, 0x18, 0x18, 0x18, 0x18,
    0x18, 0x18, 0x18, 0x18, 0x18, 0x18, 0x18, 0x18, 0x18, 0x18, 0x00, 0x00, 0x00, 0x00, 0x00, 0x00,
    0x00, 0x00, 0x00, 0x00, 0x00, 0x00, 0x00, 0x00, 0x00, 0x00, 0x00, 0x00, 0x00, 0x00, 0x00, 0x00,
    0x00, 0x30, 0x00, 0x30, 0x00, 0x30, 0x00, 0x30, 0x00, 0x30, 0x00, 0x30, 0x00, 0x30, 0x00, 0x30,
    0x00, 0x30, 0x00, 0x30, 0x00, 0x30, 0x00, 0x30, 0x60, 0x30, 0x60, 0x30, 0x60, 0x30, 0x60, 0x60,
    0x30, 0x60, 0x0F, 0x80, 0x00, 0x00, 0x00, 0x00, 0x00, 0x00, 0x00, 0x00, 0x00, 0x00, 0x00, 0x00,
    0x00, 0x00, 0x00, 0x00, 0x00, 0x00, 0x00, 0x00, 0x00, 0x00, 0x00, 0x00, 0x00, 0x00, 0x00, 0x00,
    0x00, 0x00, 0x00, 0x00, 0x00, 0x00, 0x00, 0x00, 0x18, 0x07, 0x00, 0x18, 0x0E, 0x00, 0x18, 0x0C,
    0x00, 0x18, 0x18, 0x00, 0x18, 0x30, 0x00, 0x18, 0x60, 0x00, 0x18, 0xC0, 0x00, 0x19, 0xC0, 0x00,
    0x1B, 0x80, 0x00, 0x1F, 0x80, 0x00, 0x1F, 0xC0, 0x00, 0x1C, 0xE0, 0x00, 0x18, 0xE0, 0x00, 0x18,
    0x70, 0x00, 0x18, 0x38, 0x00, 0x18, 0x1C, 0x00, 0x18, 0x0E, 0x00, 0x18, 0x0F, 0x00, 0x00, 0x00,
    0x00, 0x00, 0x00, 0x00, 0x00, 0x00, 0x00, 0x00, 0x00, 0x00, 0x00, 0x00, 0x00, 0x00, 0x00, 0x00,
    0x00, 0x00, 0x00, 0x00, 0x00, 0x00, 0x00, 0x00, 0x00, 0x00, 0x00, 0x00, 0x00, 0x00, 0x00, 0x00,
    0x18, 0x00, 0x18, 0x00, 0x18, 0x00, 0x18, 0x00, 0x18, 0x00, 0x18, 0x00, 0x18, 0x00, 0x18, 0x00,
    0x18, 0x00, 0x18, 0x00, 0x18, 0x00, 0x18, 0x00, 0x18, 0x00, 0x18, 0x00, 0x18, 0x00, 0x18, 0x00,
    0x18, 0x00, 0x1F, 0xFE, 0x00, 0x00, 0x00, 0x00, 0x00, 0x00, 0x00, 0x00, 0x00, 0x00, 0x00, 0x00,
    0x00, 0x00, 0x00, 0x00, 0x00, 0x00, 0x00, 0x00, 0x00, 0x00, 0x00, 0x00, 0x00, 0x00, 0x00, 0x00,
    0x00, 0x00, 0x00, 0x00, 0x00, 0x00, 0x00, 0x00, 0x1E, 0x00, 0x78, 0x1E, 0x00, 0x78, 0x1E, 0x00,
    0x78, 0x1F, 0x00, 0xF8, 0x1B, 0x00, 0xD8, 0x1B, 0x00, 0xD8, 0x1B, 0x81, 0xD8, 0x19, 0x81, 0x98,
    0x19, 0x81, 0x98, 0x18, 0xC3, 0x18, 0x18, 0xC3, 0x18, 0x18, 0xC3, 0x18, 0x18, 0x66, 0x18, 0x18,
    0x66, 0x18, 0x18, 0x76, 0x18, 0x18, 0x3C, 0x18, 0x18, 0x3C, 0x18, 0x18, 0x3C, 0x18, 0x00, 0x00,
    0x00, 0x00, 0x00, 0x00, 0x00, 0x00, 0x00, 0x00, 0x00, 0x00, 0x00, 0x00, 0x00, 0x00, 0x00, 0x00,
    0x00, 0x00, 0x00, 0x00, 0x00, 0x00, 0x00, 0x00, 0x00, 0x00, 0x00, 0x00, 0x00, 0x00, 0x00, 0x00,
    0x00, 0x00, 0x00, 0x00, 0x00, 0x00, 0x00, 0x00, 0x1E, 0x01, 0x80, 0x1E, 0x01, 0x80, 0x1F, 0x01,
    0x80, 0x1B, 0x01, 0x80, 0x1B, 0x81, 0x80, 0x19, 0x81, 0x80, 0x19, 0xC1, 0x80, 0x18, 0xC1, 0x80,
    0x18, 0xE1, 0x80, 0x18, 0x71, 0x80, 0x18, 0x31, 0x80, 0x18, 0x39, 0x80, 0x18, 0x19, 0x80, 0x18,
    0x1D, 0x80, 0x18, 0x0D, 0x80, 0x18, 0x0F, 0x80, 0x18, 0x07, 0x80, 0x18, 0x07, 0x80, 0x00, 0x00,
    0x00, 0x00, 0x00, 0x00, 0x00, 0x00, 0x00, 0x00, 0x00, 0x00, 0x00, 0x00, 0x00, 0x00, 0x00, 0x00,
    0x00, 0x00, 0x00, 0x00, 0x00, 0x00, 0x00, 0x00, 0x00, 0x00, 0x00, 0x00, 0x00, 0x00, 0x00, 0x00,
    0x00, 0x00, 0x00, 0x00, 0x00, 0x00, 0x00, 0x00, 0x03, 0xF8, 0x00, 0x0E, 0x0E, 0x00, 0x18, 0x03,
    0x00, 0x30, 0x03, 0x80, 0x30, 0x01, 0x80, 0x70, 0x01, 0xC0, 0x60, 0x00, 0xC0, 0x60, 0x00, 0xC0,
    0x60, 0x00, 0xC0, 0x60, 0x00, 0xC0, 0x60, 0x00, 0xC0, 0x60, 0x00, 0xC0, 0x60, 0x00, 0x80, 0x30,
    0x01, 0x80, 0x30, 0x01, 0x80, 0x18, 0x03, 0x00, 0x0E, 0x0E, 0x00, 0x03, 0xF8, 0x00, 0x00, 0x00,
    0x00, 0x00, 0x00, 0x00, 0x00, 0x00, 0x00, 0x00, 0x00, 0x00, 0x00, 0x00, 0x00, 0x00, 0x00, 0x00,
    0x00, 0x00, 0x00, 0x00, 0x00, 0x00, 0x00, 0x00, 0x00, 0x00, 0x00, 0x00, 0x00, 0x00, 0x00, 0x00,
    0x1F, 0xF0, 0x18, 0x1C, 0x18, 0x0C, 0x18, 0x06, 0x18, 0x06, 0x18, 0x06, 0x18, 0x06, 0x18, 0x0C,
    0x18, 0x1C, 0x1F, 0xF0, 0x18, 0x00, 0x18, 0x00, 0x18, 0x00, 0x18, 0x00, 0x18, 0x00, 0x18, 0x00,
    0x18, 0x00, 0x18, 0x00, 0x00, 0x00, 0x00, 0x00, 0x00, 0x00, 0x00, 0x00, 0x00, 0x00, 0x00, 0x00,
    0x00, 0x00, 0x00, 0x00, 0x00, 0x00, 0x00, 0x00, 0x00, 0x00, 0x00, 0x00, 0x00, 0x00, 0x00, 0x00,
    0x00, 0x00, 0x00, 0x00, 0x00, 0x00, 0x00, 0x00, 0x03, 0xF8, 0x00, 0x0E, 0x0E, 0x00, 0x18, 0x03,
    0x00, 0x30, 0x03, 0x80, 0x30, 0x01, 0x80, 0x70, 0x01, 0x80, 0x60, 0x00, 0xC0, 0x60, 0x00, 0xC0,
    0x60, 0x00, 0xC0, 0x60, 0x00, 0xC0, 0x60, 0x00, 0xC0, 0x60, 0x00, 0xC0, 0x60, 0x00, 0x80, 0x30,
    0x01, 0x80, 0x30, 0x01, 0x00, 0x18, 0x03, 0x00, 0x0E, 0x0F, 0x00, 0x03, 0xFF, 0xC0, 0x00, 0x00,
    0x80, 0x00, 0x00, 0x00, 0x00, 0x00, 0x00, 0x00, 0x00, 0x00, 0x00, 0x00, 0x00, 0x00, 0x00, 0x00,
    0x00, 0x00, 0x00, 0x00, 0x00, 0x00, 0x00, 0x00, 0x00, 0x00, 0x00, 0x00, 0x00, 0x00, 0x00, 0x00,
    0x1F, 0xF0, 0x18, 0x1C, 0x18, 0x0C, 0x18, 0x06, 0x18, 0x06, 0x18, 0x06, 0x18, 0x06, 0x18, 0x0C,
    0x18, 0x1C, 0x1F, 0xF0, 0x18, 0x18, 0x18, 0x0C, 0x18, 0x0C, 0x18, 0x0C, 0x18, 0x0C, 0x18, 0x06,
    0x18, 0x06, 0x18, 0x06, 0x00, 0x00, 0x00, 0x00, 0x00, 0x00, 0x00, 0x00, 0x00, 0x00, 0x00, 0x00,
    0x00, 0x00, 0x00, 0x00, 0x00, 0x00, 0x00, 0x00, 0x00, 0x00, 0x00, 0x00, 0x00, 0x00, 0x00, 0x00,
    0x07, 0xE0, 0x08, 0x30, 0x10, 0x18, 0x30, 0x0C, 0x30, 0x0C, 0x30, 0x00, 0x3C, 0x00, 0x1F, 0x80,
    0x0F, 0xF0, 0x07, 0xF8, 0x00, 0x78, 0x00, 0x1C, 0x00, 0x0C, 0x60, 0x0C, 0x70, 0x0C, 0x30, 0x08,
    0x1C, 0x30, 0x07, 0xE0, 0x00, 0x00, 0x00, 0x00, 0x00, 0x00, 0x00, 0x00, 0x00, 0x00, 0x00, 0x00,
    0x00, 0x00, 0x00, 0x00, 0x00, 0x00, 0x00, 0x00, 0x00, 0x00, 0x00, 0x00, 0x00, 0x00, 0x00, 0x00,
    0x7F, 0xFF, 0x00, 0xC0, 0x00, 0xC0, 0x00, 0xC0, 0x00, 0xC0, 0x00, 0xC0, 0x00, 0xC0, 0x00, 0xC0,
    0x00, 0xC0, 0x00, 0xC0, 0x00, 0xC0, 0x00, 0xC0, 0x00, 0xC0, 0x00, 0xC0, 0x00, 0xC0, 0x00, 0xC0,
    0x00, 0xC0, 0x00, 0xC0, 0x00, 0x00, 0x00, 0x00, 0x00, 0x00, 0x00, 0x00, 0x00, 0x00, 0x00, 0x00,
    0x00, 0x00, 0x00, 0x00, 0x00, 0x00, 0x00, 0x00, 0x00, 0x00, 0x00, 0x00, 0x00, 0x00, 0x00, 0x00,
    0x00, 0x00, 0x00, 0x00, 0x00, 0x00, 0x00, 0x00, 0x30, 0x06, 0x00, 0x30, 0x06, 0x00, 0x30, 0x06,
    0x00, 0x30, 0x06, 0x00, 0x30, 0x06, 0x00, 0x30, 0x06, 0x00, 0x30, 0x06, 0x00, 0x30, 0x06, 0x00,
    0x30, 0x06, 0x00, 0x30, 0x06, 0x00, 0x30, 0x06, 0x00, 0x30, 0x06, 0x00, 0x30, 0x06, 0x00, 0x30,
    0x06, 0x00, 0x30, 0x06, 0x00, 0x18, 0x0C, 0x00, 0x0C, 0x18, 0x00, 0x07, 0xE0, 0x00, 0x00, 0x00,
    0x00, 0x00, 0x00, 0x00, 0x00, 0x00, 0x00, 0x00, 0x00, 0x00, 0x00, 0x00, 0x00, 0x00, 0x00, 0x00,
    0x00, 0x00, 0x00, 0x00, 0x00, 0x00, 0x00, 0x00, 0x00, 0x00, 0x00, 0x00, 0x00, 0x00, 0x00, 0x00,
    0x00, 0x00, 0x00, 0x00, 0x00, 0x00, 0x00, 0x00, 0x60, 0x03, 0x00, 0x70, 0x03, 0x00, 0x30, 0x07,
    0x00, 0x30, 0x06, 0x00, 0x38, 0x06, 0x00, 0x18, 0x0E, 0x00, 0x18, 0x0C, 0x00, 0x1C, 0x0C, 0x00,
    0x0C, 0x18, 0x00, 0x0C, 0x18, 0x00, 0x0E, 0x18, 0x00, 0x06, 0x30, 0x00, 0x06, 0x30, 0x00, 0x07,
    0x30, 0x00, 0x03, 0x60, 0x00, 0x03, 0x60, 0x00, 0x03, 0xE0, 0x00, 0x01, 0xC0, 0x00, 0x00, 0x00,
    0x00, 0x00, 0x00, 0x00, 0x00, 0x00, 0x00, 0x00, 0x00, 0x00, 0x00, 0x00, 0x00, 0x00, 0x00, 0x00,
    0x00, 0x00, 0x00, 0x00, 0x00, 0x00, 0x00, 0x00, 0x00, 0x00, 0x00, 0x00, 0x00, 0x00, 0x00, 0x00,
    0x00, 0x00, 0x00, 0x00, 0x00, 0x00, 0x00, 0x00, 0x00, 0x00, 0x00, 0x00, 0x00, 0x00, 0x00, 0x00,
    0x60, 0x1C, 0x03, 0x00, 0x70, 0x1E, 0x03, 0x00, 0x70, 0x3E, 0x03, 0x00, 0x30, 0x36, 0x07, 0x00,
    0x30, 0x36, 0x06, 0x00, 0x38, 0x37, 0x06, 0x00, 0x38, 0x63, 0x06, 0x00, 0x18, 0x63, 0x0E, 0x00,
    0x18, 0x63, 0x0C, 0x00, 0x18, 0x63, 0x8C, 0x00, 0x1C, 0xC1, 0x8C, 0x00, 0x0C, 0xC1, 0x98, 0x00,
    0x0C, 0xC1, 0x98, 0x00, 0x0C, 0xC1, 0xD8, 0x00, 0x0F, 0x80, 0xD8, 0x00, 0x07, 0x80, 0xF0, 0x00,
    0x07, 0x80, 0xF0, 0x00, 0x07, 0x80, 0x70, 0x00, 0x00, 0x00, 0x00, 0x00, 0x00, 0x00, 0x00, 0x00,
    0x00, 0x00, 0x00, 0x00, 0x00, 0x00, 0x00, 0x00, 0x00, 0x00, 0x00, 0x00, 0x00, 0x00, 0x00, 0x00,
    0x00, 0x00, 0x00, 0x00, 0x00, 0x00, 0x00, 0x00, 0x00, 0x00, 0x00, 0x00, 0x00, 0x00, 0x00, 0x00,
    0x00, 0x00, 0x00, 0x00, 0x00, 0x00, 0x00, 0x00, 0x70, 0x07, 0x00, 0x38, 0x0E, 0x00, 0x18, 0x0C,
    0x00, 0x1C, 0x18, 0x00, 0x0E, 0x38, 0x00, 0x06, 0x30, 0x00, 0x07, 0x60, 0x00, 0x03, 0xE0, 0x00,
    0x01, 0xC0, 0x00, 0x01, 0xC0, 0x00, 0x03, 0xE0, 0x00, 0x07, 0x70, 0x00, 0x06, 0x30, 0x00, 0x0C,
    0x38, 0x00, 0x1C, 0x1C, 0x00, 0x38, 0x0C, 0x00, 0x30, 0x06, 0x00, 0x70, 0x07, 0x00, 0x00, 0x00,
    0x00, 0x00, 0x00, 0x00, 0x00, 0x00, 0x00, 0x00, 0x00, 0x00, 0x00, 0x00, 0x00, 0x00, 0x00, 0x00,
    0x00, 0x00, 0x00, 0x00, 0x00, 0x00, 0x00, 0x00, 0x00, 0x00, 0x00, 0x00, 0x00, 0x00, 0x00, 0x00,
    0x70, 0x06, 0x30, 0x0C, 0x38, 0x1C, 0x18, 0x18, 0x1C, 0x38, 0x0C, 0x30, 0x0E, 0x70, 0x06, 0x60,
    0x03, 0xC0, 0x03, 0xC0, 0x01, 0x80, 0x01, 0x80, 0x01, 0x80, 0x01, 0x80, 0x01, 0x80, 0x01, 0x80,
    0x01, 0x80, 0x01, 0x80, 0x00, 0x00, 0x00, 0x00, 0x00, 0x00, 0x00, 0x00, 0x00, 0x00, 0x00, 0x00,
    0x00, 0x00, 0x00, 0x00, 0x00, 0x00, 0x00, 0x00, 0x00, 0x00, 0x00, 0x00, 0x00, 0x00, 0x00, 0x00,
    0x3F, 0xFE, 0x00, 0x0E, 0x00, 0x1C, 0x00, 0x38, 0x00, 0x38, 0x00, 0x70, 0x00, 0xE0, 0x00, 0xE0,
    0x01, 0xC0, 0x03, 0x80, 0x03, 0x00, 0x07, 0x00, 0x0E, 0x00, 0x1C, 0x00, 0x1C, 0x00, 0x38, 0x00,
    0x70, 0x00, 0x7F, 0xFE, 0x00, 0x00, 0x00, 0x00, 0x00, 0x00, 0x00, 0x00, 0x00, 0x00, 0x00, 0x00,
    0x00, 0x00, 0x00, 0x00, 0x00, 0x00, 0x00, 0x00, 0x00, 0x00, 0x00, 0x00, 0x1F, 0x00, 0x18, 0x00,
    0x18, 0x00, 0x18, 0x00, 0x18, 0x00, 0x18, 0x00, 0x18, 0x00, 0x18, 0x00, 0x18, 0x00, 0x18, 0x00,
    0x18, 0x00, 0x18, 0x00, 0x18, 0x00, 0x18, 0x00, 0x18, 0x00, 0x18, 0x00, 0x18, 0x00, 0x18, 0x00,
    0x18, 0x00, 0x18, 0x00, 0x18, 0x00, 0x1F, 0x00, 0x00, 0x00, 0x00, 0x00, 0x00, 0x00, 0x00, 0x00,
    0x00, 0x00, 0x00, 0x00, 0x00, 0x00, 0x00, 0x00, 0x00, 0x00, 0x00, 0x00, 0x00, 0x00, 0xC0, 0x00,
    0xC0, 0x00, 0x40, 0x00, 0x60, 0x00, 0x60, 0x00, 0x20, 0x00, 0x30, 0x00, 0x30, 0x00, 0x10, 0x00,
    0x18, 0x00, 0x18, 0x00, 0x08, 0x00, 0x0C, 0x00, 0x0C, 0x00, 0x04, 0x00, 0x06, 0x00, 0x06, 0x00,
    0x02, 0x00, 0x03, 0x00, 0x03, 0x00, 0x00, 0x00, 0x00, 0x00, 0x00, 0x00, 0x00, 0x00, 0x00, 0x00,
    0x00, 0x00, 0x00, 0x00, 0x00, 0x00, 0x7C, 0x0C, 0x0C, 0x0C, 0x0C, 0x0C, 0x0C, 0x0C, 0x0C, 0x0C,
    0x0C, 0x0C, 0x0C, 0x0C, 0x0C, 0x0C, 0x0C, 0x0C, 0x0C, 0x0C, 0x0C, 0x7C, 0x00, 0x00, 0x00, 0x00,
    0x00, 0x00, 0x00, 0x00, 0x00, 0x00, 0x00, 0x00, 0x00, 0x00, 0x00, 0x00, 0x00, 0x00, 0x00, 0x00,
    0x00, 0x00, 0x01, 0x00, 0x03, 0x80, 0x02, 0x80, 0x06, 0xC0, 0x06, 0x40, 0x0C, 0x60, 0x0C, 0x60,
    0x08, 0x20, 0x18, 0x30, 0x18, 0x10, 0x30, 0x18, 0x00, 0x00, 0x00, 0x00, 0x00, 0x00, 0x00, 0x00,
    0x00, 0x00, 0x00, 0x00, 0x00, 0x00, 0x00, 0x00, 0x00, 0x00, 0x00, 0x00, 0x00, 0x00, 0x00, 0x00,
    0x00, 0x00, 0x00, 0x00, 0x00, 0x00, 0x00, 0x00, 0x00, 0x00, 0x00, 0x00, 0x00, 0x00, 0x00, 0x00,
    0x00, 0x00, 0x00, 0x00, 0x00, 0x00, 0x00, 0x00, 0x00, 0x00, 0x00, 0x00, 0x00, 0x00, 0x00, 0x00,
    0x00, 0x00, 0x00, 0x00, 0x00, 0x00, 0x00, 0x00, 0x00, 0x00, 0x00, 0x00, 0x00, 0x00, 0x00, 0x00,
    0x00, 0x00, 0x00, 0x00, 0x00, 0x00, 0x7F, 0xE0, 0x00, 0x00, 0x00, 0x00, 0x00, 0x00, 0x00, 0x00,
    0x00, 0x00, 0x00, 0x00, 0x00, 0x00, 0x00, 0x00, 0x60, 0x30, 0x10, 0x00, 0x00, 0x00, 0x00, 0x00,
    0x00, 0x00, 0x00, 0x00, 0x00, 0x00, 0x00, 0x00, 0x00, 0x00, 0x00, 0x00, 0x00, 0x00, 0x00, 0x00,
    0x00, 0x00, 0x00, 0x00, 0x00, 0x00, 0x00, 0x00, 0x00, 0x00, 0x00, 0x00, 0x00, 0x00, 0x00, 0x00,
    0x00, 0x00, 0x00, 0x00, 0x00, 0x00, 0x00, 0x00, 0x0F, 0xC0, 0x18, 0x60, 0x30, 0x30, 0x30, 0x30,
    0x00, 0x30, 0x00, 0xF0, 0x1F, 0xF0, 0x3C, 0x30, 0x70, 0x30, 0x60, 0x30, 0x60, 0x30, 0x60, 0x70,
    0x30, 0xF0, 0x1F, 0xB0, 0x00, 0x00, 0x00, 0x00, 0x00, 0x00, 0x00, 0x00, 0x00, 0x00, 0x00, 0x00,
    0x00, 0x00, 0x00, 0x00, 0x00, 0x00, 0x00, 0x00, 0x00, 0x00, 0x00, 0x00, 0x00, 0x00, 0x30, 0x00,
    0x30, 0x00, 0x30, 0x00, 0x30, 0x00, 0x30, 0x00, 0x33, 0xE0, 0x3C, 0x18, 0x38, 0x0C, 0x38, 0x0C,
    0x30, 0x06, 0x30, 0x06, 0x30, 0x06, 0x30, 0x06, 0x30, 0x06, 0x30, 0x06, 0x38, 0x0C, 0x38, 0x0C,
    0x3E, 0x38, 0x37, 0xE0, 0x00, 0x00, 0x00, 0x00, 0x00, 0x00, 0x00, 0x00, 0x00, 0x00, 0x00, 0x00,
    0x00, 0x00, 0x00, 0x00, 0x00, 0x00, 0x00, 0x00, 0x00, 0x00, 0x00, 0x00, 0x00, 0x00, 0x00, 0x00,
    0x00, 0x00, 0x00, 0x00, 0x00, 0x00, 0x00, 0x00, 0x07, 0xC0, 0x18, 0x60, 0x30, 0x30, 0x30, 0x38,
    0x60, 0x38, 0x60, 0x00, 0x60, 0x00, 0x60, 0x00, 0x60, 0x00, 0x60, 0x00, 0x30, 0x30, 0x30, 0x30,
    0x18, 0x60, 0x0F, 0xC0, 0x00, 0x00, 0x00, 0x00, 0x00, 0x00, 0x00, 0x00, 0x00, 0x00, 0x00, 0x00,
    0x00, 0x00, 0x00, 0x00, 0x00, 0x00, 0x00, 0x00, 0x00, 0x00, 0x00, 0x00, 0x00, 0x00, 0x00, 0x0C,
    0x00, 0x0C, 0x00, 0x0C, 0x00, 0x0C, 0x00, 0x0C, 0x07, 0xEC, 0x18, 0x7C, 0x30, 0x1C, 0x30, 0x1C,
    0x60, 0x0C, 0x60, 0x0C, 0x60, 0x0C, 0x60, 0x0C, 0x60, 0x0C, 0x60, 0x0C, 0x30, 0x1C, 0x30, 0x1C,
    0x18, 0x3C, 0x07, 0xCC, 0x00, 0x00, 0x00, 0x00, 0x00, 0x00, 0x00, 0x00, 0x00, 0x00, 0x00, 0x00,
    0x00, 0x00, 0x00, 0x00, 0x00, 0x00, 0x00, 0x00, 0x00, 0x00, 0x00, 0x00, 0x00, 0x00, 0x00, 0x00,
    0x00, 0x00, 0x00, 0x00, 0x00, 0x00, 0x00, 0x00, 0x07, 0xC0, 0x18, 0x70, 0x30, 0x38, 0x30, 0x18,
    0x60, 0x18, 0x60, 0x18, 0x7F, 0xF8, 0x60, 0x00, 0x60, 0x00, 0x60, 0x18, 0x30, 0x18, 0x30, 0x30,
    0x18, 0x70, 0x07, 0xC0, 0x00, 0x00, 0x00, 0x00, 0x00, 0x00, 0x00, 0x00, 0x00, 0x00, 0x00, 0x00,
    0x00, 0x00, 0x00, 0x00, 0x00, 0x00, 0x00, 0x00, 0x00, 0x00, 0x00, 0x00, 0x02, 0x00, 0x0F, 0x00,
    0x1C, 0x00, 0x18, 0x00, 0x18, 0x00, 0x18, 0x00, 0x7F, 0x00, 0x18, 0x00, 0x18, 0x00, 0x18, 0x00,
    0x18, 0x00, 0x18, 0x00, 0x18, 0x00, 0x18, 0x00, 0x18, 0x00, 0x18, 0x00, 0x18, 0x00, 0x18, 0x00,
    0x18, 0x00, 0x18, 0x00, 0x00, 0x00, 0x00, 0x00, 0x00, 0x00, 0x00, 0x00, 0x00, 0x00, 0x00, 0x00,
    0x00, 0x00, 0x00, 0x00, 0x00, 0x00, 0x00, 0x00, 0x00, 0x00, 0x00, 0x00, 0x00, 0x00, 0x00, 0x00,
    0x00, 0x00, 0x00, 0x00, 0x00, 0x00, 0x00, 0x00, 0x07, 0xEC, 0x18, 0x7C, 0x30, 0x1C, 0x30, 0x1C,
    0x60, 0x0C, 0x60, 0x0C, 0x60, 0x0C, 0x60, 0x0C, 0x60, 0x0C, 0x60, 0x0C, 0x30, 0x1C, 0x30, 0x1C,
    0x18, 0x3C, 0x07, 0xCC, 0x60, 0x0C, 0x60, 0x0C, 0x30, 0x18, 0x18, 0x30, 0x0F, 0xC0, 0x00, 0x00,
    0x00, 0x00, 0x00, 0x00, 0x00, 0x00, 0x00, 0x00, 0x00, 0x00, 0x00, 0x00, 0x00, 0x00, 0x30, 0x00,
    0x30, 0x00, 0x30, 0x00, 0x30, 0x00, 0x30, 0x00, 0x33, 0xE0, 0x3C, 0x18, 0x38, 0x1C, 0x38, 0x0C,
    0x30, 0x0C, 0x30, 0x0C, 0x30, 0x0C, 0x30, 0x0C, 0x30, 0x0C, 0x30, 0x0C, 0x30, 0x0C, 0x30, 0x0C,
    0x30, 0x0C, 0x30, 0x0C, 0x00, 0x00, 0x00, 0x00, 0x00, 0x00, 0x00, 0x00, 0x00, 0x00, 0x00, 0x00,
    0x00, 0x00, 0x00, 0x00, 0x00, 0x00, 0x00, 0x00, 0x38, 0x38, 0x38, 0x00, 0x30, 0x30, 0x30, 0x30,
    0x30, 0x30, 0x30, 0x30, 0x30, 0x30, 0x30, 0x30, 0x30, 0x30, 0x00, 0x00, 0x00, 0x00, 0x00, 0x00,
    0x00, 0x00, 0x00, 0x00, 0x00, 0x00, 0x00, 0x00, 0x38, 0x38, 0x38, 0x00, 0x30, 0x30, 0x30, 0x30,
    0x30, 0x30, 0x30, 0x30, 0x30, 0x30, 0x30, 0x30, 0x30, 0x30, 0x30, 0x30, 0x30, 0xF0, 0xE0, 0x00,
    0x00, 0x00, 0x00, 0x00, 0x00, 0x00, 0x00, 0x00, 0x00, 0x00, 0x00, 0x00, 0x00, 0x00, 0x30, 0x00,
    0x30, 0x00, 0x30, 0x00, 0x30, 0x00, 0x30, 0x00, 0x30, 0x38, 0x30, 0x70, 0x30, 0xE0, 0x31, 0xC0,
    0x33, 0x80, 0x37, 0x00, 0x3E, 0x00, 0x3F, 0x00, 0x3B, 0x80, 0x33, 0x80, 0x31, 0xC0, 0x30, 0xE0,
    0x30, 0x70, 0x30, 0x38, 0x00, 0x00, 0x00, 0x00, 0x00, 0x00, 0x00, 0x00, 0x00, 0x00, 0x00, 0x00,
    0x00, 0x00, 0x00, 0x00, 0x00, 0x00, 0x00, 0x30, 0x30, 0x30, 0x30, 0x30, 0x30, 0x30, 0x30, 0x30,
    0x30, 0x30, 0x30, 0x30, 0x30, 0x30, 0x30, 0x30, 0x3C, 0x1C, 0x00, 0x00, 0x00, 0x00, 0x00, 0x00,
    0x00, 0x00, 0x00, 0x00, 0x00, 0x00, 0x00, 0x00, 0x00, 0x00, 0x00, 0x00, 0x00, 0x00, 0x00, 0x00,
    0x00, 0x00, 0x00, 0x00, 0x00, 0x00, 0x00, 0x00, 0x00, 0x00, 0x00, 0x00, 0x00, 0x00, 0x00, 0x00,
    0x00, 0x00, 0x00, 0x00, 0x37, 0xC7, 0xC0, 0x3C, 0x6C, 0x60, 0x38, 0x38, 0x30, 0x30, 0x30, 0x30,
    0x30, 0x30, 0x30, 0x30, 0x30, 0x30, 0x30, 0x30, 0x30, 0x30, 0x30, 0x30, 0x30, 0x30, 0x30, 0x30,
    0x30, 0x30, 0x30, 0x30, 0x30, 0x30, 0x30, 0x30, 0x30, 0x30, 0x30, 0x30, 0x30, 0x30, 0x00, 0x00,
    0x00, 0x00, 0x00, 0x00, 0x00, 0x00, 0x00, 0x00, 0x00, 0x00, 0x00, 0x00, 0x00, 0x00, 0x00, 0x00,
    0x00, 0x00, 0x00, 0x00, 0x00, 0x00, 0x00, 0x00, 0x00, 0x00, 0x00, 0x00, 0x00, 0x00, 0x00, 0x00,
    0x00, 0x00, 0x00, 0x00, 0x00, 0x00, 0x00, 0x00, 0x33, 0xE0, 0x3C, 0x18, 0x38, 0x1C, 0x38, 0x0C,
    0x30, 0x0C, 0x30, 0x0C, 0x30, 0x0C, 0x30, 0x0C, 0x30, 0x0C, 0x30, 0x0C, 0x30, 0x0C, 0x30, 0x0C,
    0x30, 0x0C, 0x30, 0x0C, 0x00, 0x00, 0x00, 0x00, 0x00, 0x00, 0x00, 0x00, 0x00, 0x00, 0x00, 0x00,
    0x00, 0x00, 0x00, 0x00, 0x00, 0x00, 0x00, 0x00, 0x00, 0x00, 0x00, 0x00, 0x00, 0x00, 0x00, 0x00,
    0x00, 0x00, 0x00, 0x00, 0x00, 0x00, 0x00, 0x00, 0x07, 0xC0, 0x1C, 0x70, 0x30, 0x18, 0x30, 0x18,
    0x60, 0x0C, 0x60, 0x0C, 0x60, 0x0C, 0x60, 0x0C, 0x60, 0x0C, 0x60, 0x0C, 0x30, 0x18, 0x30, 0x18,
    0x18, 0x30, 0x07, 0xC0, 0x00, 0x00, 0x00, 0x00, 0x00, 0x00, 0x00, 0x00, 0x00, 0x00, 0x00, 0x00,
    0x00, 0x00, 0x00, 0x00, 0x00, 0x00, 0x00, 0x00, 0x00, 0x00, 0x00, 0x00, 0x00, 0x00, 0x00, 0x00,
    0x00, 0x00, 0x00, 0x00, 0x00, 0x00, 0x00, 0x00, 0x33, 0xE0, 0x3C, 0x18, 0x38, 0x0C, 0x38, 0x0C,
    0x30, 0x06, 0x30, 0x06, 0x30, 0x06, 0x30, 0x06, 0x30, 0x06, 0x30, 0x06, 0x38, 0x0C, 0x38, 0x0C,
    0x3E, 0x38, 0x37, 0xE0, 0x30, 0x00, 0x30, 0x00, 0x30, 0x00, 0x30, 0x00, 0x30, 0x00, 0x00, 0x00,
    0x00, 0x00, 0x00, 0x00, 0x00, 0x00, 0x00, 0x00, 0x00, 0x00, 0x00, 0x00, 0x00, 0x00, 0x00, 0x00,
    0x00, 0x00, 0x00, 0x00, 0x00, 0x00, 0x00, 0x00, 0x07, 0xEC, 0x18, 0x7C, 0x30, 0x1C, 0x30, 0x1C,
    0x60, 0x0C, 0x60, 0x0C, 0x60, 0x0C, 0x60, 0x0C, 0x60, 0x0C, 0x60, 0x0C, 0x30, 0x1C, 0x30, 0x1C,
    0x18, 0x3C, 0x07, 0xCC, 0x00, 0x0C, 0x00, 0x0C, 0x00, 0x0C, 0x00, 0x0C, 0x00, 0x0C, 0x00, 0x00,
    0x00, 0x00, 0x00, 0x00, 0x00, 0x00, 0x00, 0x00, 0x00, 0x00, 0x00, 0x00, 0x00, 0x00, 0x00, 0x00,
    0x00, 0x00, 0x00, 0x00, 0x00, 0x00, 0x00, 0x00, 0x37, 0x80, 0x3C, 0x00, 0x38, 0x00, 0x30, 0x00,
    0x30, 0x00, 0x30, 0x00, 0x30, 0x00, 0x30, 0x00, 0x30, 0x00, 0x30, 0x00, 0x30, 0x00, 0x30, 0x00,
    0x30, 0x00, 0x30, 0x00, 0x00, 0x00, 0x00, 0x00, 0x00, 0x00, 0x00, 0x00, 0x00, 0x00, 0x00, 0x00,
    0x00, 0x00, 0x00, 0x00, 0x00, 0x00, 0x00, 0x00, 0x00, 0x00, 0x00, 0x00, 0x00, 0x00, 0x00, 0x00,
    0x00, 0x00, 0x00, 0x00, 0x00, 0x00, 0x00, 0x00, 0x1F, 0x00, 0x31, 0xC0, 0x60, 0xE0, 0x60, 0x60,
    0x70, 0x00, 0x7C, 0x00, 0x3F, 0x80, 0x1F, 0xC0, 0x03, 0xE0, 0x00, 0xE0, 0x60, 0x60, 0x60, 0x60,
    0x30, 0xC0, 0x1F, 0x80, 0x00, 0x00, 0x00, 0x00, 0x00, 0x00, 0x00, 0x00, 0x00, 0x00, 0x00, 0x00,
    0x00, 0x00, 0x00, 0x00, 0x00, 0x00, 0x00, 0x00, 0x00, 0x00, 0x00, 0x00, 0x00, 0x00, 0x00, 0x00,
    0x00, 0x00, 0x18, 0x00, 0x18, 0x00, 0x18, 0x00, 0x7F, 0x00, 0x18, 0x00, 0x18, 0x00, 0x18, 0x00,
    0x18, 0x00, 0x18, 0x00, 0x18, 0x00, 0x18, 0x00, 0x18, 0x00, 0x18, 0x00, 0x18, 0x00, 0x18, 0x00,
    0x1F, 0x00, 0x0F, 0x00, 0x00, 0x00, 0x00, 0x00, 0x00, 0x00, 0x00, 0x00, 0x00, 0x00, 0x00, 0x00,
    0x00, 0x00, 0x00, 0x00, 0x00, 0x00, 0x00, 0x00, 0x00, 0x00, 0x00, 0x00, 0x00, 0x00, 0x00, 0x00,
    0x00, 0x00, 0x00, 0x00, 0x00, 0x00, 0x00, 0x00, 0x30, 0x0C, 0x30, 0x0C, 0x30, 0x0C, 0x30, 0x0C,
    0x30, 0x0C, 0x30, 0x0C, 0x30, 0x0C, 0x30, 0x0C, 0x30, 0x0C, 0x30, 0x0C, 0x30, 0x1C, 0x38, 0x1C,
    0x1C, 0x3C, 0x07, 0xCC, 0x00, 0x00, 0x00, 0x00, 0x00, 0x00, 0x00, 0x00, 0x00, 0x00, 0x00, 0x00,
    0x00, 0x00, 0x00, 0x00, 0x00, 0x00, 0x00, 0x00, 0x00, 0x00, 0x00, 0x00, 0x00, 0x00, 0x00, 0x00,
    0x00, 0x00, 0x00, 0x00, 0x00, 0x00, 0x00, 0x00, 0xE0, 0x18, 0x60, 0x38, 0x60, 0x30, 0x70, 0x30,
    0x30, 0x70, 0x30, 0x60, 0x38, 0x60, 0x18, 0xC0, 0x18, 0xC0, 0x0C, 0xC0, 0x0D, 0x80, 0x0D, 0x80,
    0x07, 0x80, 0x07, 0x00, 0x00, 0x00, 0x00, 0x00, 0x00, 0x00, 0x00, 0x00, 0x00, 0x00, 0x00, 0x00,
    0x00, 0x00, 0x00, 0x00, 0x00, 0x00, 0x00, 0x00, 0x00, 0x00, 0x00, 0x00, 0x00, 0x00, 0x00, 0x00,
    0x00, 0x00, 0x00, 0x00, 0x00, 0x00, 0x00, 0x00, 0x00, 0x00, 0x00, 0x00, 0x00, 0x00, 0x00, 0x00,
    0x00, 0x00, 0x00, 0x00, 0xE0, 0x70, 0x30, 0xE0, 0xF0, 0x70, 0x60, 0xF0, 0x60, 0x70, 0xF8, 0x60,
    0x70, 0xD8, 0x60, 0x31, 0x98, 0xE0, 0x31, 0x98, 0xC0, 0x39, 0x8C, 0xC0, 0x19, 0x8C, 0xC0, 0x1B,
    0x0D, 0x80, 0x1B, 0x0D, 0x80, 0x0F, 0x07, 0x80, 0x0E, 0x07, 0x00, 0x0E, 0x07, 0x00, 0x00, 0x00,
    0x00, 0x00, 0x00, 0x00, 0x00, 0x00, 0x00, 0x00, 0x00, 0x00, 0x00, 0x00, 0x00, 0x00, 0x00, 0x00,
    0x00, 0x00, 0x00, 0x00, 0x00, 0x00, 0x00, 0x00, 0x00, 0x00, 0x00, 0x00, 0x00, 0x00, 0x00, 0x00,
    0x00, 0x00, 0x00, 0x00, 0x00, 0x00, 0x00, 0x00, 0xE0, 0x70, 0x70, 0x60, 0x30, 0xC0, 0x39, 0xC0,
    0x1D, 0x80, 0x0F, 0x00, 0x0F, 0x00, 0x0F, 0x00, 0x0F, 0x00, 0x19, 0x80, 0x39, 0xC0, 0x30, 0xE0,
    0x60, 0x60, 0xE0, 0x70, 0x00, 0x00, 0x00, 0x00, 0x00, 0x00, 0x00, 0x00, 0x00, 0x00, 0x00, 0x00,
    0x00, 0x00, 0x00, 0x00, 0x00, 0x00, 0x00, 0x00, 0x00, 0x00, 0x00, 0x00, 0x00, 0x00, 0x00, 0x00,
    0x00, 0x00, 0x00, 0x00, 0x00, 0x00, 0x00, 0x00, 0x60, 0x18, 0x70, 0x18, 0x70, 0x38, 0x30, 0x30,
    0x30, 0x30, 0x18, 0x70, 0x18, 0x60, 0x18, 0x60, 0x0C, 0xC0, 0x0C, 0xC0, 0x0C, 0xC0, 0x07, 0x80,
    0x07, 0x80, 0x07, 0x00, 0x03, 0x00, 0x03, 0x00, 0x06, 0x00, 0x0C, 0x00, 0x38, 0x00, 0x00, 0x00,
    0x00, 0x00, 0x00, 0x00, 0x00, 0x00, 0x00, 0x00, 0x00, 0x00, 0x00, 0x00, 0x00, 0x00, 0x00, 0x00,
    0x00, 0x00, 0x00, 0x00, 0x00, 0x00, 0x00, 0x00, 0x3F, 0xF0, 0x00, 0x70, 0x00, 0xE0, 0x00, 0xC0,
    0x01, 0xC0, 0x03, 0x80, 0x07, 0x00, 0x07, 0x00, 0x0E, 0x00, 0x1C, 0x00, 0x1C, 0x00, 0x38, 0x00,
    0x70, 0x00, 0x7F, 0xF0, 0x00, 0x00, 0x00, 0x00, 0x00, 0x00, 0x00, 0x00, 0x00, 0x00, 0x00, 0x00,
    0x00, 0x00, 0x00, 0x00, 0x00, 0x00, 0x0E, 0x18, 0x18, 0x18, 0x18, 0x18, 0x18, 0x18, 0x18, 0x18,
    0x70, 0x70, 0x18, 0x18, 0x18, 0x18, 0x18, 0x18, 0x18, 0x18, 0x18, 0x0E, 0x00, 0x00, 0x00, 0x00,
    0x00, 0x00, 0x00, 0x00, 0x00, 0x30, 0x30, 0x30, 0x30, 0x30, 0x30, 0x30, 0x30, 0x30, 0x30, 0x30,
    0x30, 0x30, 0x30, 0x30, 0x30, 0x30, 0x30, 0x30, 0x30, 0x30, 0x30, 0x30, 0x30, 0x30, 0x30, 0x00,
    0x00, 0x00, 0x00, 0x00, 0x00, 0x00, 0x70, 0x18, 0x18, 0x18, 0x18, 0x18, 0x18, 0x18, 0x18, 0x18,
    0x0E, 0x0E, 0x18, 0x18, 0x18, 0x18, 0x18, 0x18, 0x18, 0x18, 0x18, 0x70, 0x00, 0x00, 0x00, 0x00,
    0x00, 0x00, 0x00, 0x00, 0x00, 0x00, 0x00, 0x00, 0x00, 0x00, 0x00, 0x00, 0x00, 0x00, 0x00, 0x00,
    0x00, 0x00, 0x00, 0x00, 0x00, 0x00, 0x00, 0x00, 0x00, 0x00, 0x00, 0x00, 0x00, 0x00, 0x00, 0x00,
    0x00, 0x00, 0x1C, 0x18, 0x33, 0x18, 0x30, 0xF0, 0x00, 0x00, 0x00, 0x00, 0x00, 0x00, 0x00, 0x00,
    0x00, 0x00, 0x00, 0x00, 0x00, 0x00, 0x00, 0x00, 0x00, 0x00, 0x00, 0x00, 0x00, 0x00, 0x00, 0x00,
    0x00, 0x00, 0x00, 0x00, 0x00, 0x00, 0x00, 0x00, 0x18, 0x00, 0x0C, 0x00, 0x06, 0x00, 0x03, 0x00,
    0x01, 0x80, 0x00, 0xC0, 0x00, 0x00, 0x00, 0x00, 0x0F, 0xC0, 0x18, 0x60, 0x30, 0x30, 0x30, 0x30,
    0x00, 0x30, 0x00, 0xF0, 0x1F, 0xF0, 0x3C, 0x30, 0x70, 0x30, 0x60, 0x30, 0x60, 0x30, 0x60, 0x70,
    0x30, 0xF0, 0x1F, 0xB0, 0x00, 0x00, 0x00, 0x00, 0x00, 0x00, 0x00, 0x00, 0x00, 0x00, 0x00, 0x00,
    0x00, 0x00, 0x00, 0x00, 0x00, 0x00, 0x00, 0x00, 0x02, 0x00, 0x07, 0x00, 0x0D, 0x80, 0x18, 0xC0,
    0x30, 0x60, 0x20, 0x20, 0x00, 0x00, 0x00, 0x00, 0x0F, 0xC0, 0x18, 0x60, 0x30, 0x30, 0x30, 0x30,
    0x00, 0x30, 0x00, 0xF0, 0x1F, 0xF0, 0x3C, 0x30, 0x70, 0x30, 0x60, 0x30, 0x60, 0x30, 0x60, 0x70,
    0x30, 0xF0, 0x1F, 0xB0, 0x00, 0x00, 0x00, 0x00, 0x00, 0x00, 0x00, 0x00, 0x00, 0x00, 0x00, 0x00,
    0x00, 0x00, 0x00, 0x00, 0x00, 0x00, 0x00, 0x00, 0x00, 0x00, 0x00, 0x00, 0x00, 0x00, 0x00, 0x00,
    0x00, 0x00, 0x00, 0x00, 0x00, 0x00, 0x00, 0x00, 0x07, 0xC0, 0x18, 0x60, 0x30, 0x30, 0x30, 0x38,
    0x60, 0x38, 0x60, 0x00, 0x60, 0x00, 0x60, 0x00, 0x60, 0x00, 0x60, 0x00, 0x30, 0x30, 0x30, 0x30,
    0x18, 0x60, 0x0F, 0xC0, 0x01, 0x80, 0x01, 0x80, 0x03, 0x00, 0x03, 0x00, 0x00, 0x00, 0x00, 0x00,
    0x00, 0x00, 0x00, 0x00, 0x00, 0x00, 0x00, 0x00, 0x00, 0xC0, 0x01, 0x80, 0x03, 0x00, 0x06, 0x00,
    0x0C, 0x00, 0x18, 0x00, 0x00, 0x00, 0x00, 0x00, 0x07, 0xC0, 0x18, 0x70, 0x30, 0x38, 0x30, 0x18,
    0x60, 0x18, 0x60, 0x18, 0x7F, 0xF8, 0x60, 0x00, 0x60, 0x00, 0x60, 0x18, 0x30, 0x18, 0x30, 0x30,
    0x18, 0x70, 0x07, 0xC0, 0x00, 0x00, 0x00, 0x00, 0x00, 0x00, 0x00, 0x00, 0x00, 0x00, 0x00, 0x00,
    0x00, 0x00, 0x00, 0x00, 0x00, 0x00, 0x00, 0x00, 0x18, 0x00, 0x0C, 0x00, 0x06, 0x00, 0x03, 0x00,
    0x01, 0x80, 0x00, 0xC0, 0x00, 0x00, 0x00, 0x00, 0x07, 0xC0, 0x18, 0x70, 0x30, 0x38, 0x30, 0x18,
    0x60, 0x18, 0x60, 0x18, 0x7F, 0xF8, 0x60, 0x00, 0x60, 0x00, 0x60, 0x18, 0x30, 0x18, 0x30, 0x30,
    0x18, 0x70, 0x07, 0xC0, 0x00, 0x00, 0x00, 0x00, 0x00, 0x00, 0x00, 0x00, 0x00, 0x00, 0x00, 0x00,
    0x00, 0x00, 0x00, 0x00, 0x00, 0x00, 0x00, 0x00, 0x02, 0x00, 0x07, 0x00, 0x0D, 0x80, 0x18, 0xC0,
    0x30, 0x60, 0x20, 0x20, 0x00, 0x00, 0x00, 0x00, 0x07, 0xC0, 0x18, 0x70, 0x30, 0x38, 0x30, 0x18,
    0x60, 0x18, 0x60, 0x18, 0x7F, 0xF8, 0x60, 0x00, 0x60, 0x00, 0x60, 0x18, 0x30, 0x18, 0x30, 0x30,
    0x18, 0x70, 0x07, 0xC0, 0x00, 0x00, 0x00, 0x00, 0x00, 0x00, 0x00, 0x00, 0x00, 0x00, 0x00, 0x00,
    0x00, 0x00, 0x00, 0x00, 0x00, 0x00, 0x00, 0x00, 0x00, 0x00, 0x00, 0x00, 0x00, 0x00, 0x70, 0x38,
    0x70, 0x38, 0x70, 0x38, 0x00, 0x00, 0x00, 0x00, 0x07, 0xC0, 0x18, 0x70, 0x30, 0x38, 0x30, 0x18,
    0x60, 0x18, 0x60, 0x18, 0x7F, 0xF8, 0x60, 0x00, 0x60, 0x00, 0x60, 0x18, 0x30, 0x18, 0x30, 0x30,
    0x18, 0x70, 0x07, 0xC0, 0x00, 0x00, 0x00, 0x00, 0x00, 0x00, 0x00, 0x00, 0x00, 0x00, 0x00, 0x00,
    0x00, 0x00, 0x00, 0x00, 0x00, 0x00, 0x00, 0x00, 0x10, 0x00, 0x38, 0x00, 0x6C, 0x00, 0xC6, 0x00,
    0x83, 0x00, 0x01, 0x00, 0x00, 0x00, 0x00, 0x00, 0x18, 0x00, 0x18, 0x00, 0x18, 0x00, 0x18, 0x00,
    0x18, 0x00, 0x18, 0x00, 0x18, 0x00, 0x18, 0x00, 0x18, 0x00, 0x18, 0x00, 0x18, 0x00, 0x18, 0x00,
    0x18, 0x00, 0x18, 0x00, 0x00, 0x00, 0x00, 0x00, 0x00, 0x00, 0x00, 0x00, 0x00, 0x00, 0x00, 0x00,
    0x00, 0x00, 0x00, 0x00, 0x00, 0x00, 0x00, 0x00, 0x00, 0x00, 0x00, 0x00, 0x00, 0x00, 0xE0, 0x70,
    0xE0, 0x70, 0xE0, 0x70, 0x00, 0x00, 0x00, 0x00, 0x06, 0x00, 0x06, 0x00, 0x06, 0x00, 0x06, 0x00,
    0x06, 0x00, 0x06, 0x00, 0x06, 0x00, 0x06, 0x00, 0x06, 0x00, 0x06, 0x00, 0x06, 0x00, 0x06, 0x00,
    0x06, 0x00, 0x06, 0x00, 0x00, 0x00, 0x00, 0x00, 0x00, 0x00, 0x00, 0x00, 0x00, 0x00, 0x00, 0x00,
    0x00, 0x00, 0x00, 0x00, 0x00, 0x00, 0x00, 0x00, 0x01, 0x00, 0x03, 0x80, 0x06, 0xC0, 0x0C, 0x60,
    0x18, 0x30, 0x10, 0x10, 0x00, 0x00, 0x00, 0x00, 0x07, 0xC0, 0x1C, 0x70, 0x30, 0x18, 0x30, 0x18,
    0x60, 0x0C, 0x60, 0x0C, 0x60, 0x0C, 0x60, 0x0C, 0x60, 0x0C, 0x60, 0x0C, 0x30, 0x18, 0x30, 0x18,
    0x18, 0x30, 0x07, 0xC0, 0x00, 0x00, 0x00, 0x00, 0x00, 0x00, 0x00, 0x00, 0x00, 0x00, 0x00, 0x00,
    0x00, 0x00, 0x00, 0x00, 0x00, 0x00, 0x00, 0x00, 0x0C, 0x00, 0x06, 0x00, 0x03, 0x00, 0x01, 0x80,
    0x00, 0xC0, 0x00, 0x60, 0x00, 0x00, 0x00, 0x00, 0x30, 0x0C, 0x30, 0x0C, 0x30, 0x0C, 0x30, 0x0C,
    0x30, 0x0C, 0x30, 0x0C, 0x30, 0x0C, 0x30, 0x0C, 0x30, 0x0C, 0x30, 0x0C, 0x30, 0x1C, 0x38, 0x1C,
    0x1C, 0x3C, 0x07, 0xCC, 0x00, 0x00, 0x00, 0x00, 0x00, 0x00, 0x00, 0x00, 0x00, 0x00, 0x00, 0x00,
    0x00, 0x00, 0x00, 0x00, 0x00, 0x00, 0x00, 0x00, 0x01, 0x00, 0x03, 0x80, 0x06, 0xC0, 0x0C, 0x60,
    0x18, 0x30, 0x10, 0x10, 0x00, 0x00, 0x00, 0x00, 0x30, 0x0C, 0x30, 0x0C, 0x30, 0x0C, 0x30, 0x0C,
    0x30, 0x0C, 0x30, 0x0C, 0x30, 0x0C, 0x30, 0x0C, 0x30, 0x0C, 0x30, 0x0C, 0x30, 0x1C, 0x38, 0x1C,
    0x1C, 0x3C, 0x07, 0xCC, 0x00, 0x00, 0x00, 0x00, 0x00, 0x00, 0x00, 0x00, 0x00, 0x00, 0x00, 0x00,
    0x00, 0x00, 0x00, 0x00, 0x00, 0x00, 0x00, 0x00, 0x00, 0x00, 0x00, 0x00, 0x00, 0x00, 0x38, 0x1C,
    0x38, 0x1C, 0x38, 0x1C, 0x00, 0x00, 0x00, 0x00, 0x30, 0x0C, 0x30, 0x0C, 0x30, 0x0C, 0x30, 0x0C,
    0x30, 0x0C, 0x30, 0x0C, 0x30, 0x0C, 0x30, 0x0C, 0x30, 0x0C, 0x30, 0x0C, 0x30, 0x1C, 0x38, 0x1C,
    0x1C, 0x3C, 0x07, 0xCC, 0x00, 0x00, 0x00, 0x00, 0x00, 0x00, 0x00, 0x00, 0x00, 0x00, 0x00, 0x00,
    0x06, 0x00, 0x00, 0x03, 0x00, 0x00, 0x01, 0x80, 0x00, 0x00, 0xC0, 0x00, 0x00, 0x60, 0x00, 0x00,
    0x30, 0x00, 0x00, 0x00, 0x00, 0x00, 0x00, 0x00, 0x01, 0xC0, 0x00, 0x01, 0xE0, 0x00, 0x03, 0x60,
    0x00, 0x03, 0x60, 0x00, 0x03, 0x30, 0x00, 0x06, 0x30, 0x00, 0x06, 0x30, 0x00, 0x0E, 0x38, 0x00,
    0x0C, 0x18, 0x00, 0x0C, 0x18, 0x00, 0x1F, 0xFC, 0x00, 0x18, 0x0C, 0x00, 0x18, 0x0E, 0x00, 0x38,
    0x06, 0x00, 0x30, 0x06, 0x00, 0x30, 0x07, 0x00, 0x70, 0x03, 0x00, 0x60, 0x03, 0x00, 0x00, 0x00,
    0x00, 0x00, 0x00, 0x00, 0x00, 0x00, 0x00, 0x00, 0x00, 0x00, 0x00, 0x00, 0x00, 0x00, 0x00, 0x00,
    0x00, 0x30, 0x00, 0x60, 0x00, 0xC0, 0x01, 0x80, 0x03, 0x00, 0x06, 0x00, 0x00, 0x00, 0x00, 0x00,
    0x1F, 0xFE, 0x18, 0x00, 0x18, 0x00, 0x18, 0x00, 0x18, 0x00, 0x18, 0x00, 0x18, 0x00, 0x18, 0x00,
    0x18, 0x00, 0x1F, 0xFC, 0x18, 0x00, 0x18, 0x00, 0x18, 0x00, 0x18, 0x00, 0x18, 0x00, 0x18, 0x00,
    0x18, 0x00, 0x1F, 0xFE, 0x00, 0x00, 0x00, 0x00, 0x00, 0x00, 0x00, 0x00, 0x00, 0x00, 0x00, 0x00,
    0x06, 0x00, 0x03, 0x00, 0x01, 0x80, 0x00, 0xC0, 0x00, 0x60, 0x00, 0x30, 0x00, 0x00, 0x00, 0x00,
    0x1F, 0xFE, 0x18, 0x00, 0x18, 0x00, 0x18, 0x00, 0x18, 0x00, 0x18, 0x00, 0x18, 0x00, 0x18, 0x00,
    0x18, 0x00, 0x1F, 0xFC, 0x18, 0x00, 0x18, 0x00, 0x18, 0x00, 0x18, 0x00, 0x18, 0x00, 0x18, 0x00,
    0x18, 0x00, 0x1F, 0xFE, 0x00, 0x00, 0x00, 0x00, 0x00, 0x00, 0x00, 0x00, 0x00, 0x00, 0x00, 0x00,
    0x00, 0x80, 0x01, 0xC0, 0x03, 0x60, 0x06, 0x30, 0x0C, 0x18, 0x08, 0x08, 0x00, 0x00, 0x00, 0x00,
    0x1F, 0xFE, 0x18, 0x00, 0x18, 0x00, 0x18, 0x00, 0x18, 0x00, 0x18, 0x00, 0x18, 0x00, 0x18, 0x00,
    0x18, 0x00, 0x1F, 0xFC, 0x18, 0x00, 0x18, 0x00, 0x18, 0x00, 0x18, 0x00, 0x18, 0x00, 0x18, 0x00,
    0x18, 0x00, 0x1F, 0xFE, 0x00, 0x00, 0x00, 0x00, 0x00, 0x00, 0x00, 0x00, 0x00, 0x00, 0x00, 0x00,
    0x00, 0x00, 0x00, 0x00, 0x00, 0x00, 0x00, 0x00, 0x00, 0x00, 0x00, 0x00, 0x00, 0x00, 0x00, 0x00,
    0x00, 0x00, 0x00, 0x00, 0x00, 0x00, 0x00, 0x00, 0x03, 0xF0, 0x00, 0x0E, 0x1C, 0x00, 0x18, 0x06,
    0x00, 0x10, 0x07, 0x00, 0x30, 0x03, 0x00, 0x20, 0x03, 0x00, 0x60, 0x00, 0x00, 0x60, 0x00, 0x00,
    0x60, 0x00, 0x00, 0x60, 0x00, 0x00, 0x60, 0x00, 0x00, 0x60, 0x00, 0x00, 0x60, 0x03, 0x00, 0x30,
    0x03, 0x00, 0x30, 0x07, 0x00, 0x18, 0x0E, 0x00, 0x0E, 0x1C, 0x00, 0x03, 0xF0, 0x00, 0x00, 0xC0,
    0x00, 0x00, 0xC0, 0x00, 0x01, 0x80, 0x00, 0x01, 0x80, 0x00, 0x00, 0x00, 0x00, 0x00, 0x00, 0x00,
    0x00, 0x00, 0x00, 0x00, 0x00, 0x00, 0x00, 0x00, 0x00, 0xC0, 0x01, 0x80, 0x03, 0x00, 0x06, 0x00,
    0x0C, 0x00, 0x18, 0x00, 0x00, 0x00, 0x00, 0x00, 0x0F, 0xC0, 0x18, 0x60, 0x30, 0x30, 0x30, 0x30,
    0x00, 0x30, 0x00, 0xF0, 0x1F, 0xF0, 0x3C, 0x30, 0x70, 0x30, 0x60, 0x30, 0x60, 0x30, 0x60, 0x70,
    0x30, 0xF0, 0x1F, 0xB0, 0x00, 0x00, 0x00, 0x00, 0x00, 0x00, 0x00, 0x00, 0x00, 0x00, 0x00, 0x00,
    0x00, 0x00, 0x00, 0x00, 0x0C, 0x18, 0x30, 0x60, 0xC0, 0x80, 0x00, 0x00, 0x30, 0x30, 0x30, 0x30,
    0x30, 0x30, 0x30, 0x30, 0x30, 0x30, 0x30, 0x30, 0x30, 0x30, 0x00, 0x00, 0x00, 0x00, 0x00, 0x00,
    0x00, 0x00, 0x00, 0x00, 0x00, 0x00, 0x00, 0x00, 0x00, 0x60, 0x00, 0xC0, 0x01, 0x80, 0x03, 0x00,
    0x06, 0x00, 0x0C, 0x00, 0x00, 0x00, 0x00, 0x00, 0x07, 0xC0, 0x1C, 0x70, 0x30, 0x18, 0x30, 0x18,
    0x60, 0x0C, 0x60, 0x0C, 0x60, 0x0C, 0x60, 0x0C, 0x60, 0x0C, 0x60, 0x0C, 0x30, 0x18, 0x30, 0x18,
    0x18, 0x30, 0x07, 0xC0, 0x00, 0x00, 0x00, 0x00, 0x00, 0x00, 0x00, 0x00, 0x00, 0x00, 0x00, 0x00,
    0x00, 0x00, 0x00, 0x00, 0x00, 0x00, 0x00, 0x00, 0x00, 0x60, 0x00, 0xC0, 0x01, 0x80, 0x03, 0x00,
    0x06, 0x00, 0x0C, 0x00, 0x00, 0x00, 0x00, 0x00, 0x30, 0x0C, 0x30, 0x0C, 0x30, 0x0C, 0x30, 0x0C,
    0x30, 0x0C, 0x30, 0x0C, 0x30, 0x0C, 0x30, 0x0C, 0x30, 0x0C, 0x30, 0x0C, 0x30, 0x1C, 0x38, 0x1C,
    0x1C, 0x3C, 0x07, 0xCC, 0x00, 0x00, 0x00, 0x00, 0x00, 0x00, 0x00, 0x00, 0x00, 0x00, 0x00, 0x00,
    0x00, 0x00, 0x00, 0x00, 0x80, 0xC0, 0x60, 0x30, 0x18, 0x0C, 0x00, 0x00, 0x30, 0x30, 0x30, 0x30,
    0x30, 0x30, 0x30, 0x30, 0x30, 0x30, 0x30, 0x30, 0x30, 0x30, 0x00, 0x00, 0x00, 0x00, 0x00, 0x00,
    0x00, 0x00, 0x00, 0x00, 0x00, 0x00, 0x00, 0x00, 0x0C, 0x00, 0x06, 0x00, 0x03, 0x00, 0x01, 0x80,
    0x00, 0xC0, 0x00, 0x60, 0x00, 0x00, 0x00, 0x00, 0x07, 0xC0, 0x1C, 0x70, 0x30, 0x18, 0x30, 0x18,
    0x60, 0x0C, 0x60, 0x0C, 0x60, 0x0C, 0x60, 0x0C, 0x60, 0x0C, 0x60, 0x0C, 0x30, 0x18, 0x30, 0x18,
    0x18, 0x30, 0x07, 0xC0, 0x00, 0x00, 0x00, 0x00, 0x00, 0x00, 0x00, 0x00, 0x00, 0x00, 0x00, 0x00,
    0x00, 0x00, 0x00, 0x00, 0x00, 0x00, 0x00, 0x00, 0x00, 0x00, 0x00, 0x00, 0x00, 0x00, 0xE0, 0x70,
    0xE0, 0x70, 0xE0, 0x70, 0x00, 0x00, 0x00, 0x00, 0x0F, 0xC0, 0x18, 0x60, 0x30, 0x30, 0x30, 0x30,
    0x00, 0x30, 0x00, 0xF0, 0x1F, 0xF0, 0x3C, 0x30, 0x70, 0x30, 0x60, 0x30, 0x60, 0x30, 0x60, 0x70,
    0x30, 0xF0, 0x1F, 0xB0, 0x00, 0x00, 0x00, 0x00, 0x00, 0x00, 0x00, 0x00, 0x00, 0x00, 0x00, 0x00,
    0x00, 0x00, 0x00, 0x00, 0x00, 0x00, 0x00, 0x00, 0x00, 0x00, 0x00, 0x00, 0x00, 0x00, 0x70, 0x38,
    0x70, 0x38, 0x70, 0x38, 0x00, 0x00, 0x00, 0x00, 0x07, 0xC0, 0x1C, 0x70, 0x30, 0x18, 0x30, 0x18,
    0x60, 0x0C, 0x60, 0x0C, 0x60, 0x0C, 0x60, 0x0C, 0x60, 0x0C, 0x60, 0x0C, 0x30, 0x18, 0x30, 0x18,
    0x18, 0x30, 0x07, 0xC0, 0x00, 0x00, 0x00, 0x00, 0x00, 0x00, 0x00, 0x00, 0x00, 0x00, 0x00, 0x00,
    0x00, 0x00, 0x00, 0x00, 0x00, 0x00, 0x00, 0x00, 0x00, 0x00, 0x00, 0x00, 0x0C, 0x30, 0x1F, 0xF0,
    0x13, 0xC0, 0x00, 0x00, 0x00, 0x00, 0x00, 0x00, 0x33, 0xE0, 0x3C, 0x18, 0x38, 0x1C, 0x38, 0x0C,
    0x30, 0x0C, 0x30, 0x0C, 0x30, 0x0C, 0x30, 0x0C, 0x30, 0x0C, 0x30, 0x0C, 0x30, 0x0C, 0x30, 0x0C,
    0x30, 0x0C, 0x30, 0x0C, 0x00, 0x00, 0x00, 0x00, 0x00, 0x00, 0x00, 0x00, 0x00, 0x00, 0x00, 0x00,
    0x00, 0x30, 0x00, 0x00, 0x60, 0x00, 0x00, 0xC0, 0x00, 0x01, 0x80, 0x00, 0x03, 0x00, 0x00, 0x06,
    0x00, 0x00, 0x00, 0x00, 0x00, 0x00, 0x00, 0x00, 0x01, 0xC0, 0x00, 0x01, 0xE0, 0x00, 0x03, 0x60,
    0x00, 0x03, 0x60, 0x00, 0x03, 0x30, 0x00, 0x06, 0x30, 0x00, 0x06, 0x30, 0x00, 0x0E, 0x38, 0x00,
    0x0C, 0x18, 0x00, 0x0C, 0x18, 0x00, 0x1F, 0xFC, 0x00, 0x18, 0x0C, 0x00, 0x18, 0x0E, 0x00, 0x38,
    0x06, 0x00, 0x30, 0x06, 0x00, 0x30, 0x07, 0x00, 0x70, 0x03, 0x00, 0x60, 0x03, 0x00, 0x00, 0x00,
    0x00, 0x00, 0x00, 0x00, 0x00, 0x00, 0x00, 0x00, 0x00, 0x00, 0x00, 0x00, 0x00, 0x00, 0x00, 0x00,
    0x06, 0x0C, 0x18, 0x30, 0x60, 0xC0, 0x00, 0x00, 0x18, 0x18, 0x18, 0x18, 0x18, 0x18, 0x18, 0x18,
    0x18, 0x18, 0x18, 0x18, 0x18, 0x18, 0x18, 0x18, 0x18, 0x18, 0x00, 0x00, 0x00, 0x00, 0x00, 0x00,
    0x00, 0x18, 0x00, 0x00, 0x30, 0x00, 0x00, 0x60, 0x00, 0x00, 0xC0, 0x00, 0x01, 0x80, 0x00, 0x03,
    0x00, 0x00, 0x00, 0x00, 0x00, 0x00, 0x00, 0x00, 0x03, 0xF8, 0x00, 0x0E, 0x0E, 0x00, 0x18, 0x03,
    0x00, 0x30, 0x03, 0x80, 0x30, 0x01, 0x80, 0x70, 0x01, 0xC0, 0x60, 0x00, 0xC0, 0x60, 0x00, 0xC0,
    0x60, 0x00, 0xC0, 0x60, 0x00, 0xC0, 0x60, 0x00, 0xC0, 0x60, 0x00, 0xC0, 0x60, 0x00, 0x80, 0x30,
    0x01, 0x80, 0x30, 0x01, 0x80, 0x18, 0x03, 0x00, 0x0E, 0x0E, 0x00, 0x03, 0xF8, 0x00, 0x00, 0x00,
    0x00, 0x00, 0x00, 0x00, 0x00, 0x00, 0x00, 0x00, 0x00, 0x00, 0x00, 0x00, 0x00, 0x00, 0x00, 0x00,
    0x00, 0x30, 0x00, 0x00, 0x60, 0x00, 0x00, 0xC0, 0x00, 0x01, 0x80, 0x00, 0x03, 0x00, 0x00, 0x06,
    0x00, 0x00, 0x00, 0x00, 0x00, 0x00, 0x00, 0x00, 0x30, 0x06, 0x00, 0x30, 0x06, 0x00, 0x30, 0x06,
    0x00, 0x30, 0x06, 0x00, 0x30, 0x06, 0x00, 0x30, 0x06, 0x00, 0x30, 0x06, 0x00, 0x30, 0x06, 0x00,
    0x30, 0x06, 0x00, 0x30, 0x06, 0x00, 0x30, 0x06, 0x00, 0x30, 0x06, 0x00, 0x30, 0x06, 0x00, 0x30,
    0x06, 0x00, 0x30, 0x06, 0x00, 0x18, 0x0C, 0x00, 0x0C, 0x18, 0x00, 0x07, 0xE0, 0x00, 0x00, 0x00,
    0x00, 0x00, 0x00, 0x00, 0x00, 0x00, 0x00, 0x00, 0x00, 0x00, 0x00, 0x00, 0x00, 0x00, 0x00, 0x00,
    0xC0, 0x60, 0x30, 0x18, 0x0C, 0x06, 0x00, 0x00, 0x18, 0x18, 0x18, 0x18, 0x18, 0x18, 0x18, 0x18,
    0x18, 0x18, 0x18, 0x18, 0x18, 0x18, 0x18, 0x18, 0x18, 0x18, 0x00, 0x00, 0x00, 0x00, 0x00, 0x00,
    0x03, 0x00, 0x00, 0x01, 0x80, 0x00, 0x00, 0xC0, 0x00, 0x00, 0x60, 0x00, 0x00, 0x30, 0x00, 0x00,
    0x18, 0x00, 0x00, 0x00, 0x00, 0x00, 0x00, 0x00, 0x03, 0xF8, 0x00, 0x0E, 0x0E, 0x00, 0x18, 0x03,
    0x00, 0x30, 0x03, 0x80, 0x30, 0x01, 0x80, 0x70, 0x01, 0xC0, 0x60, 0x00, 0xC0, 0x60, 0x00, 0xC0,
    0x60, 0x00, 0xC0, 0x60, 0x00, 0xC0, 0x60, 0x00, 0xC0, 0x60, 0x00, 0xC0, 0x60, 0x00, 0x80, 0x30,
    0x01, 0x80, 0x30, 0x01, 0x80, 0x18, 0x03, 0x00, 0x0E, 0x0E, 0x00, 0x03, 0xF8, 0x00, 0x00, 0x00,
    0x00, 0x00, 0x00, 0x00, 0x00, 0x00, 0x00, 0x00, 0x00, 0x00, 0x00, 0x00, 0x00, 0x00, 0x00, 0x00,
    0x06, 0x00, 0x00, 0x03, 0x00, 0x00, 0x01, 0x80, 0x00, 0x00, 0xC0, 0x00, 0x00, 0x60, 0x00, 0x00,
    0x30, 0x00, 0x00, 0x00, 0x00, 0x00, 0x00, 0x00, 0x30, 0x06, 0x00, 0x30, 0x06, 0x00, 0x30, 0x06,
    0x00, 0x30, 0x06, 0x00, 0x30, 0x06, 0x00, 0x30, 0x06, 0x00, 0x30, 0x06, 0x00, 0x30, 0x06, 0x00,
    0x30, 0x06, 0x00, 0x30, 0x06, 0x00, 0x30, 0x06, 0x00, 0x30, 0x06, 0x00, 0x30, 0x06, 0x00, 0x30,
    0x06, 0x00, 0x30, 0x06, 0x00, 0x18, 0x0C, 0x00, 0x0C, 0x18, 0x00, 0x07, 0xE0, 0x00, 0x00, 0x00,
    0x00, 0x00, 0x00, 0x00, 0x00, 0x00, 0x00, 0x00, 0x00, 0x00, 0x00, 0x00, 0x00, 0x00, 0x00, 0x00,
    0x00, 0x00, 0x00, 0x00, 0x00, 0x00, 0x00, 0x00, 0x00, 0x38, 0x1C, 0x00, 0x38, 0x1C, 0x00, 0x38,
    0x1C, 0x00, 0x00, 0x00, 0x00, 0x00, 0x00, 0x00, 0x01, 0xC0, 0x00, 0x01, 0xE0, 0x00, 0x03, 0x60,
    0x00, 0x03, 0x60, 0x00, 0x03, 0x30, 0x00, 0x06, 0x30, 0x00, 0x06, 0x30, 0x00, 0x0E, 0x38, 0x00,
    0x0C, 0x18, 0x00, 0x0C, 0x18, 0x00, 0x1F, 0xFC, 0x00, 0x18, 0x0C, 0x00, 0x18, 0x0E, 0x00, 0x38,
    0x06, 0x00, 0x30, 0x06, 0x00, 0x30, 0x07, 0x00, 0x70, 0x03, 0x00, 0x60, 0x03, 0x00, 0x00, 0x00,
    0x00, 0x00, 0x00, 0x00, 0x00, 0x00, 0x00, 0x00, 0x00, 0x00, 0x00, 0x00, 0x00, 0x00, 0x00, 0x00,
    0x00, 0x00, 0x00, 0x00, 0x00, 0x00, 0x00, 0x00, 0x00, 0x1C, 0x0E, 0x00, 0x1C, 0x0E, 0x00, 0x1C,
    0x0E, 0x00, 0x00, 0x00, 0x00, 0x00, 0x00, 0x00, 0x03, 0xF8, 0x00, 0x0E, 0x0E, 0x00, 0x18, 0x03,
    0x00, 0x30, 0x03, 0x80, 0x30, 0x01, 0x80, 0x70, 0x01, 0xC0, 0x60, 0x00, 0xC0, 0x60, 0x00, 0xC0,
    0x60, 0x00, 0xC0, 0x60, 0x00, 0xC0, 0x60, 0x00, 0xC0, 0x60, 0x00, 0xC0, 0x60, 0x00, 0x80, 0x30,
    0x01, 0x80, 0x30, 0x01, 0x80, 0x18, 0x03, 0x00, 0x0E, 0x0E, 0x00, 0x03, 0xF8, 0x00, 0x00, 0x00,
    0x00, 0x00, 0x00, 0x00, 0x00, 0x00, 0x00, 0x00, 0x00, 0x00, 0x00, 0x00, 0x00, 0x00, 0x00, 0x00,
    0x00, 0x00, 0x00, 0x00, 0x00, 0x00, 0x00, 0x00, 0x00, 0x38, 0x1C, 0x00, 0x38, 0x1C, 0x00, 0x38,
    0x1C, 0x00, 0x00, 0x00, 0x00, 0x00, 0x00, 0x00, 0x30, 0x06, 0x00, 0x30, 0x06, 0x00, 0x30, 0x06,
    0x00, 0x30, 0x06, 0x00, 0x30, 0x06, 0x00, 0x30, 0x06, 0x00, 0x30, 0x06, 0x00, 0x30, 0x06, 0x00,
    0x30, 0x06, 0x00, 0x30, 0x06, 0x00, 0x30, 0x06, 0x00, 0x30, 0x06, 0x00, 0x30, 0x06, 0x00, 0x30,
    0x06, 0x00, 0x30, 0x06, 0x00, 0x18, 0x0C, 0x00, 0x0C, 0x18, 0x00, 0x07, 0xE0, 0x00, 0x00, 0x00,
    0x00, 0x00, 0x00, 0x00, 0x00, 0x00, 0x00, 0x00, 0x00, 0x00, 0x00, 0x00, 0x00, 0x00, 0x00, 0x00,
    0x00, 0x00, 0x00, 0x00, 0x00, 0x00, 0x03, 0x0C, 0x00, 0x07, 0xFC, 0x00, 0x04, 0xF0, 0x00, 0x00,
    0x00, 0x00, 0x00, 0x00, 0x00, 0x00, 0x00, 0x00, 0x1E, 0x01, 0x80, 0x1E, 0x01, 0x80, 0x1F, 0x01,
    0x80, 0x1B, 0x01, 0x80, 0x1B, 0x81, 0x80, 0x19, 0x81, 0x80, 0x19, 0xC1, 0x80, 0x18, 0xC1, 0x80,
    0x18, 0xE1, 0x80, 0x18, 0x71, 0x80, 0x18, 0x31, 0x80, 0x18, 0x39, 0x80, 0x18, 0x19, 0x80, 0x18,
    0x1D, 0x80, 0x18, 0x0D, 0x80, 0x18, 0x0F, 0x80, 0x18, 0x07, 0x80, 0x18, 0x07, 0x80, 0x00, 0x00,
    0x00, 0x00, 0x00, 0x00, 0x00, 0x00, 0x00, 0x00, 0x00, 0x00, 0x00, 0x00, 0x00, 0x00, 0x00, 0x00,
    0x00, 0x00, 0x00, 0x00, 0x00, 0x00, 0x00, 0x00, 0x00, 0x00, 0x00, 0x00, 0x00, 0x00, 0x00, 0x00,
    0x03, 0xF0, 0x00, 0x1C, 0x00, 0x06, 0x18, 0x06, 0x18, 0x06, 0x18, 0x06, 0x18, 0x0C, 0x18, 0x1C,
    0x1C, 0x70, 0x18, 0x1C, 0x18, 0x0E, 0x18, 0x06, 0x18, 0x06, 0x18, 0x06, 0x18, 0x06, 0x18, 0x0C,
    0x18, 0x1C, 0x1C, 0x30, 0x00, 0x00, 0x00, 0x00, 0x00, 0x00, 0x00, 0x00, 0x00, 0x00, 0x00, 0x00,
    0x00, 0x00, 0x00, 0x00, 0x00, 0x00, 0x00, 0x00, 0x00, 0x00, 0x00, 0x00, 0x00, 0x00, 0x00, 0x00,
    0x00, 0x00, 0x00, 0x00, 0x00, 0x00, 0x00, 0x00, 0x07, 0x00, 0x07, 0x00, 0x07, 0x00, 0x00, 0x00,
    0x00, 0x00, 0x06, 0x00, 0x06, 0x00, 0x0E, 0x00, 0x1C, 0x00, 0x18, 0x00, 0x30, 0x00, 0x70, 0x00,
    0x60, 0x00, 0x60, 0x30, 0x60, 0x30, 0x60, 0x60, 0x30, 0xE0, 0x0F, 0x80, 0x00, 0x00, 0x00, 0x00,
    0x00, 0x00, 0x00, 0x00, 0x00, 0x00, 0x00, 0x00, 0x00, 0x00, 0x00, 0x00, 0x70, 0x70, 0x70, 0x00,
    0x00, 0x60, 0x60, 0x60, 0x60, 0x60, 0x60, 0x60, 0x60, 0x60, 0x60, 0x60, 0x60, 0x60, 0x00, 0x00,
    0x00, 0x00, 0x00, 0x00, 0x00, 0x00, 0x00, 0x00, 0x00, 0x00, 0x00, 0x00, 0x00, 0x00, 0x00, 0x00,
    0x1E, 0x00, 0x21, 0x00, 0x21, 0x00, 0x40, 0x80, 0x40, 0x80, 0x40, 0x80, 0x21, 0x00, 0x21, 0x00,
    0x1E, 0x00, 0x00, 0x00, 0x00, 0x00, 0x00, 0x00, 0x00, 0x00, 0x00, 0x00, 0x00, 0x00, 0x00, 0x00,
    0x00, 0x00, 0x00, 0x00, 0x00, 0x00, 0x00, 0x00, 0x00, 0x00, 0x00, 0x00, 0x00, 0x00, 0x00, 0x00,
};
const gfx_font_t gfx_font_large = {32, 137, gfx_font_large_glyphs, gfx_font_large_bitmap};
